user_id,TM_DayTrip_Freq,tier_status,ADT,city,travel_time_mins,age_grp,TM_gaming_trip,TM_gaming_day,TM_gaming_day_weekday,TM_gaming_day_weekend,TM_hourplayed,TM_hourplayed_TG,TM_hourplayed_ETG,TM_hourplayed_SLOT,TM_twin,TM_twin_TG,TM_twin_ETG,TM_twin_SLOT,TM_avgbet,TM_avgbet_TG,TM_avgbet_ETG,TM_avgbet_SLOT,L12M_gaming_trip,L12M_gaming_day,L12M_gaming_day_weekday,L12M_gaming_day_Fri,L12M_gaming_day_Sat,L12M_gaming_day_Sun,L12M_hourplayed,L12M_hourplayed_TG,L12M_hourplayed_ETG,L12M_hourplayed_SLOT,L12M_twin,L12M_twin_TG,L12M_twin_ETG,L12M_twin_SLOT,L12M_avgbet,L12M_avgbet_TG,L12M_avgbet_ETG,L12M_avgbet_SLOT,L12M_roomnight,L24M_gaming_trip,L24M_gaming_day,L24M_gaming_day_weekday,L24M_gaming_day_Fri,L24M_gaming_day_Sat,L24M_gaming_day_Sun,L24M_hourplayed,L24M_hourplayed_TG,L24M_hourplayed_ETG,L24M_hourplayed_SLOT,L24M_twin,L24M_twin_TG,L24M_twin_ETG,L24M_twin_SLOT,L24M_avgbet,L24M_avgbet_TG,L24M_avgbet_ETG,L24M_avgbet_SLOT,L24M_room_night,trip_twin,trip_bet,trip_gaming_day,trip_hour_played,log_ADT,twin_per_day,hours_per_day,days_per_trip,trips_per_month,pct_SLOT,pct_ETG,pct_TG,cluster_hdbscan,hdbscan_confidence,dt_transition_type,region_changed_flag,visit_compression_flag,friction_flag,TM_ADT,P_CONVERT_STAY,expected_room_margin,expected_gaming_margin,expected_total_margin,engagement_lane,expected_host_hours,expected_dollars_per_hour
A330,5,Maharlika,6692,Makati_BGC,57.6,Above 60,6,7,3,4,21.144,0.0,21.144,0.0,407963,0,407963,0,19857,0,19857,0,63,66,21,7,24,14,259,1,255,0,5817610,2668,5732958,0,17752,6561,17799,0,0,137,147,51,14,51,31,577.69,0.56,573.379,0.0,11199102,2668,11114451,0,15174,6561,15175,0,4,67987,3295,1,3,8.808817483100642,88145.60606060606,3.924242424242424,1.0476190476190477,5.25,0.0,0.9854490074102596,0.0004586075725254,-1,0.0,DOWNGRADED_STAYER,0,1,1,58280.42857142857,0.6,57.915,803.04,860.9549999999999,HOST_RECOVERY,1.0,860.9549999999999
A43452,6,Maharlika,5288,Makati_BGC,52.2,Above 60,6,6,6,0,54.854,0.0,23.109,4.318,718357,0,336346,22832,13096,0,15525,101,33,50,31,11,4,4,565,0,194,88,7739822,0,3360603,509309,10505,0,15236,123,0,68,102,56,19,15,12,1214.665,0.0,441.567,175.746,17642937,0,8027019,998453,10680,0,14978,115,2,119716,2172,1,9,8.57338447106598,154796.44,11.3,1.5151515151515151,2.75,0.0658037096977165,0.4341964195042211,0.0,-1,0.0,DOWNGRADED_STAYER,0,1,1,119726.16666666667,0.6,57.915,634.56,692.4749999999999,HOST_RECOVERY,1.0,692.4749999999999
A28415,1,Supreme,5083,Makati_BGC,57.6,41 - 50,1,1,1,0,7.921,0.0,0.0,7.921,65304,0,0,65304,106,0,0,106,20,24,15,2,4,3,203,0,1,186,1987455,509,3368,1790818,179,437,2260,148,0,49,58,40,4,8,6,469.445,0.246,6.09,399.555,4957945,509,21010,4351201,243,437,2966,173,5,65304,102,1,7,8.533853632309345,82810.625,8.458333333333334,1.2,1.6666666666666667,0.9010609045236244,0.0016946295639398,0.0002561064275669,-1,0.0,DOWNGRADED_STAYER,0,1,1,65304.0,0.6,57.915,609.9599999999999,667.8749999999999,HOST_RECOVERY,1.0,667.8749999999999
A25231,1,Supreme,4376,Makati_BGC,52.2,41 - 50,1,1,1,0,10.994,0.0,0.614,4.883,75119,0,1662,35898,419,0,2362,175,18,18,12,6,0,0,201,0,11,90,2252260,0,57183,1068947,727,0,4643,269,0,31,32,19,10,1,2,328.544,1.518,21.045,146.999,3312553,3569,106842,1593536,809,1094,4393,248,2,75116,408,1,10,8.384118837190895,125125.55555555556,11.166666666666666,1.0,1.5,0.4746108353387264,0.0253891646612735,0.0,-1,0.0,DOWNGRADED_STAYER,0,1,1,75119.0,0.6,57.915,525.12,583.035,HOST_RECOVERY,1.0,583.035
A17548,10,Maharlika,4252,Makati_BGC,52.8,51 - 60,8,10,4,6,61.07,0.0,24.514,9.055,1059149,0,598232,15797,12904,0,18708,43,66,112,31,13,44,24,451,0,296,18,9725280,0,7033494,25732,17276,0,19220,38,0,148,258,79,27,87,65,976.011,0.0,742.339,24.524,19420707,0,15440643,39636,16470,0,17388,42,1,132386,1604,1,7,8.355379895253634,86832.85714285714,4.026785714285714,1.696969696969697,5.5,0.0026458878304789,0.7232176348650116,0.0,-1,0.0,DOWNGRADED_STAYER,0,1,1,105914.9,0.6,57.915,510.24,568.155,HOST_RECOVERY,1.0,568.155
A3140,1,Premium,4081,Makati_BGC,57.6,51 - 60,1,1,1,0,2.451,0.0,2.451,0.0,42749,0,42749,0,14433,0,14433,0,5,5,1,2,1,1,16,0,16,0,308046,0,308046,0,15796,0,15796,0,0,11,15,7,2,2,4,92.677,0.0,56.302,4.413,1120721,0,788064,11168,10256,0,11988,57,4,42749,14420,1,2,8.31434234336979,61609.2,3.2,1.0,0.4166666666666667,0.0,1.0,0.0,-1,0.0,DOWNGRADED_STAYER,0,1,1,42749.0,0.6,57.915,489.72,547.635,HOST_RECOVERY,1.0,547.635
A1424,5,Maharlika,3680,Makati_BGC,81.6,Above 60,4,5,3,2,20.132,0.0,0.0,20.132,165293,0,0,165293,168,0,0,168,32,40,8,5,17,10,210,0,0,210,1940794,0,0,1940794,209,0,0,209,0,47,63,12,11,25,15,312.154,0.0,0.0,312.154,2807327,0,0,2807327,205,0,0,205,2,41320,29,1,5,8.210939733379021,48519.85,5.25,1.25,2.6666666666666665,1.0,0.0,0.0,-1,0.0,DOWNGRADED_STAYER,0,1,1,33058.6,0.6,57.915,441.6,499.51500000000004,HOST_RECOVERY,1.0,499.51500000000004
A18256,1,Premium,3211,Makati_BGC,57.6,41 - 50,1,1,1,0,1.435,0.0,1.435,0.0,9156,0,9156,0,6664,0,6664,0,12,18,13,2,1,2,80,0,80,0,806624,0,806624,0,10737,0,10737,0,0,17,40,25,5,4,6,171.438,42.064,119.485,0.571,1247948,70162,1103837,1299,7170,443,9577,64,20,9156,6663,1,1,8.074649075066652,44812.444444444445,4.444444444444445,1.5,1.0,0.0,1.0,0.0,-1,0.0,DOWNGRADED_STAYER,0,1,1,9156.0,0.6,57.915,385.32,443.235,HOST_RECOVERY,1.0,443.235
A48320,1,Supreme,3027,Makati_BGC,45.0,41 - 50,1,1,0,1,14.968,2.654,0.0,4.83,68963,7305,0,27177,1569,4198,0,125,6,7,3,1,1,2,89,10,0,57,548891,43126,0,376864,1580,6904,0,128,0,19,22,8,3,6,5,238.48,9.52,0.0,206.282,1461690,43126,0,1289663,671,6904,0,131,1,68963,1560,1,14,8.01565761455734,78413.0,12.714285714285714,1.1666666666666667,0.5,0.6865916912465316,0.0,0.0785693334377863,-1,0.0,DOWNGRADED_STAYER,0,1,1,68963.0,0.6,57.915,363.24,421.15500000000003,HOST_RECOVERY,1.0,421.15500000000003
A30227,8,Supreme,2915,QC,84.0,51 - 60,7,8,5,3,40.441,0.802,0.0,35.286,262583,772,0,237260,191,1094,0,155,71,79,53,8,11,7,380,0,0,374,3516739,423,0,3468990,215,1094,0,215,0,144,158,96,23,19,20,680.81,0.237,0.0,674.452,6357923,423,0,6310174,214,1094,0,214,1,37500,15,1,5,7.977968093128549,44515.6835443038,4.810126582278481,1.1126760563380282,5.916666666666667,0.9864223645826432,0.0,0.000120281886145,-1,0.0,DOWNGRADED_STAYER,0,1,1,32822.875,0.6,57.915,349.8,407.71500000000003,HOST_RECOVERY,1.0,407.71500000000003
A32305,1,Maharlika,2874,Makati_BGC,57.6,41 - 50,1,1,1,0,0.259,0.0,0.0,0.259,3733,0,0,3733,295,0,0,295,9,13,5,1,3,4,49,0,0,35,988928,144,2041,738987,449,1094,3994,373,0,26,38,15,6,9,8,215.78,0.094,1.226,170.178,5267326,144,9040,4176192,457,1094,6222,390,4,3732,292,1,0,7.963807953231451,76071.38461538461,3.769230769230769,1.4444444444444444,0.75,0.7472606701397877,0.0020638509578048,0.000145612218483,-1,0.0,DOWNGRADED_STAYER,0,1,1,3733.0,0.6,57.915,344.88,402.795,HOST_RECOVERY,1.0,402.795
A20019,2,Supreme,2792,Pasay,154.8,41 - 50,2,2,1,1,2.216,0.0,2.216,0.0,10191,0,10191,0,3999,0,3999,0,12,15,8,2,2,3,90,0,90,0,805662,0,805662,0,8177,0,8177,0,0,48,62,38,12,5,7,275.589,0.0,263.117,0.428,2261591,0,2100336,627,7508,0,7302,43,1,5088,1997,1,1,7.934871565945177,53710.8,6.0,1.25,1.0,0.0,1.0,0.0,-1,0.0,DOWNGRADED_STAYER,0,1,1,5095.5,0.6,57.915,335.04,392.95500000000004,HOST_RECOVERY,1.0,392.95500000000004
A6339,1,Premium,2624,QC,155.4,41 - 50,1,1,1,0,4.406,0.0,1.584,0.619,45723,0,18808,4053,8717,0,12066,146,6,10,2,2,3,3,78,0,30,11,657281,0,313485,47808,6697,0,9460,76,0,10,17,6,3,4,4,143.989,0.0,57.596,16.852,1270049,0,590986,76691,6908,0,9090,73,1,45723,8704,1,4,7.872836175025724,65728.1,7.8,1.6666666666666667,0.5,0.0727360139727148,0.4769421297740236,0.0,-1,0.0,DOWNGRADED_STAYER,0,1,1,45723.0,0.6,57.915,314.88,372.795,HOST_RECOVERY,1.0,372.795
A39317,2,Supreme,2569,Makati_BGC,57.6,51 - 60,3,4,2,2,16.576,0.34,0.0,11.771,118579,1094,0,89448,331,4928,0,135,73,81,40,11,18,12,258,3,2,229,1996008,11735,4243,1767896,299,4087,5484,152,0,145,173,81,24,37,31,607.54,6.572,1.632,563.07,4560556,33735,4243,4242878,253,3794,5396,144,2,39526,102,1,5,7.851661177889265,24642.074074074077,3.185185185185185,1.1095890410958904,6.083333333333333,0.8857158889142729,0.002125742982994,0.0058792349529661,-1,0.0,DOWNGRADED_STAYER,0,1,1,29644.75,0.6,57.915,308.28,366.195,HOST_RECOVERY,1.0,366.195
A32858,6,Supreme,2426,Pasay,96.6,41 - 50,4,6,5,1,26.806,0.0,0.0,26.806,197516,0,0,197516,99,0,0,99,54,114,62,25,14,13,455,0,0,441,3959935,0,729,3806845,130,0,5214,126,0,96,199,102,40,29,28,682.523,0.0,0.126,668.686,4808287,0,729,4655197,108,0,5214,105,1,49368,15,1,6,7.794411205726601,34736.271929824565,3.991228070175439,2.111111111111111,4.5,0.9613402745247082,0.0001840939308347,0.0,-1,0.0,DOWNGRADED_STAYER,0,1,1,32919.333333333336,0.6,57.915,291.12,349.035,HOST_RECOVERY,1.0,349.035
A47980,7,Maharlika,2400,Pasay,154.8,31 - 40,4,7,4,3,26.302,0.0,0.79,19.923,233432,0,1210,189164,258,0,905,221,33,57,46,8,2,1,405,0,92,160,2758719,277,668945,1047330,2037,1094,5147,139,0,55,92,70,15,4,3,666.865,1.571,192.054,220.949,4990499,2358,1620100,1475545,3233,1521,6351,140,2,58349,58,1,6,7.783640596221253,48398.57894736842,7.105263157894737,1.7272727272727273,2.75,0.3796435954513671,0.2424839209792661,0.000100408921677,-1,0.0,DOWNGRADED_STAYER,0,1,1,33347.42857142857,0.6,57.915,288.0,345.915,HOST_RECOVERY,1.0,345.915
A38326,1,Premium,2398,Makati_BGC,46.2,41 - 50,2,2,1,1,2.882,0.0,0.197,1.481,21381,0,1239,9903,961,0,5774,187,5,5,4,1,0,0,13,0,1,11,230699,0,18939,166606,2777,0,22638,378,0,30,30,23,5,1,1,71.054,0.0,2.791,51.899,1060185,0,53859,781444,1618,0,16538,355,1,10687,467,1,1,7.782807262839695,46139.8,2.6,1.0,0.4166666666666667,0.7221791165111249,0.0820939839357777,0.0,-1,0.0,DOWNGRADED_STAYER,0,1,1,10690.5,0.6,57.915,287.76,345.675,HOST_RECOVERY,1.0,345.675
A23327,2,Elite,2385,QC,187.8,41 - 50,1,2,2,0,20.77,2.775,0.0,10.035,98807,17740,0,51814,1613,5951,0,36,1,1,1,0,0,0,7,1,0,3,24605,1133,0,11170,386,2175,0,60,0,2,3,3,0,0,0,17.208,2.642,0.0,5.962,68313,3992,0,30164,443,1301,0,63,2,98794,1604,2,20,7.777373602657861,24605.0,7.0,1.0,0.0833333333333333,0.4539727697622434,0.0,0.0460475513107092,-1,0.0,DOWNGRADED_STAYER,0,1,1,49403.5,0.6,57.915,286.2,344.115,HOST_RECOVERY,1.0,344.115
A5088,1,Maharlika,2327,Makati_BGC,67.8,Above 60,1,1,0,1,2.97,0.0,0.8,0.685,19508,0,6269,3485,3538,0,6459,127,8,9,0,0,3,6,95,1,14,30,582080,1473,92160,186421,2158,4374,6124,164,0,31,41,8,3,12,18,315.225,8.927,87.556,59.848,2382409,31061,822297,343453,4780,4665,8121,147,2,19508,3528,1,2,7.752764808851328,64675.55555555556,10.555555555555555,1.125,0.6666666666666666,0.3202669736118747,0.1583287520615723,0.0025305799890049,-1,0.0,DOWNGRADED_STAYER,0,1,1,19508.0,0.6,57.915,279.24,337.15500000000003,HOST_RECOVERY,1.0,337.15500000000003
A5373,4,Maharlika,2315,Makati_BGC,57.6,51 - 60,4,4,1,3,26.904,0.0,18.682,0.589,593858,0,439777,5365,13674,0,13977,143,71,114,76,20,8,10,330,0,242,8,4892931,0,3564620,27440,7775,0,7732,102,0,137,241,156,44,17,24,698.657,0.0,525.47,24.459,9678358,0,7320370,97748,7624,0,7987,103,5,148454,3412,1,6,7.747596838692885,42920.44736842105,2.8947368421052637,1.6056338028169015,5.916666666666667,0.0056080905289692,0.728524477455333,0.0,-1,0.0,DOWNGRADED_STAYER,0,1,1,148464.5,0.6,57.915,277.8,335.71500000000003,HOST_RECOVERY,1.0,335.71500000000003
A5836,8,Premium,2309,Makati_BGC,81.6,41 - 50,3,8,3,5,61.883,0.0,0.0,61.883,178524,0,0,178524,52,0,0,52,2,4,0,1,2,1,21,0,0,21,55521,0,0,55521,32,0,0,32,0,6,11,5,1,3,2,79.51,0.975,0.0,70.543,247834,3267,0,212795,116,3220,0,37,2,59501,15,2,20,7.745002803515839,13880.25,5.25,2.0,0.1666666666666666,1.0,0.0,0.0,-1,0.0,DOWNGRADED_STAYER,0,1,1,22315.5,0.6,57.915,277.08,334.995,HOST_RECOVERY,1.0,334.995
A38129,9,Maharlika,2272,Makati_BGC,45.0,51 - 60,7,9,5,4,36.192,0.0,16.045,2.051,996893,0,487657,10789,23345,0,26315,93,89,130,75,13,39,3,339,0,171,24,6788819,204,3881735,119575,16526,437,19457,93,0,178,286,160,25,82,19,809.091,0.112,402.325,58.218,15147984,204,8602287,263997,15353,437,18210,78,4,142403,3324,1,5,7.728855823852543,52221.68461538461,2.607692307692308,1.4606741573033708,7.416666666666667,0.0176135201129975,0.5717835458567978,3.0049409182952142e-05,-1,0.0,DOWNGRADED_STAYER,0,1,1,110765.88888888889,0.6,57.915,272.64000000000004,330.55500000000006,HOST_RECOVERY,1.0,330.55500000000006
A205,2,Supreme,2198,Ortigas,0.0,51 - 60,2,2,0,2,2.233,0.0,0.481,0.707,9200,0,3601,1319,1837,0,4827,21,57,70,51,6,9,4,353,0,112,66,4568784,0,2002928,308460,9260,0,14760,65,0,117,145,97,27,16,5,615.453,0.0,214.746,110.434,7339558,0,3289161,568788,8991,0,13722,73,3,4593,904,1,1,7.695757990554761,65268.34285714286,5.042857142857143,1.2280701754385963,4.75,0.0675146822436779,0.4383941109932096,0.0,-1,0.0,DOWNGRADED_STAYER,0,1,1,4600.0,0.6,57.915,263.76,321.675,HOST_RECOVERY,1.0,321.675
A49393,1,Premium,2168,Pasay,96.6,31 - 40,1,1,1,0,8.634,0.0,4.065,0.252,194176,0,92773,4316,19770,0,20968,485,7,11,4,2,3,2,48,2,16,3,601442,6268,208961,41845,9124,1549,12442,313,0,12,20,6,5,5,4,66.751,2.602,28.494,3.022,802422,6994,341187,43361,9346,1494,11263,367,3,194176,19756,1,8,7.682021510826875,54676.545454545456,4.363636363636363,1.5714285714285714,0.5833333333333334,0.0695744560572756,0.3474333352176935,0.0104216200398375,-1,0.0,DOWNGRADED_STAYER,0,1,1,194176.0,0.6,57.915,260.16,318.07500000000005,HOST_RECOVERY,1.0,318.07500000000005
A23210,13,Supreme,2077,Makati_BGC,46.2,Above 60,4,19,10,9,298.97,0.534,123.407,28.771,2053928,729,637438,320993,3932,2187,4420,339,36,67,32,9,10,16,721,4,321,26,3163445,9047,1457490,52167,3413,1029,3675,51,0,72,142,64,22,21,35,1183.506,3.958,565.934,47.574,4632511,9047,2252377,101856,2968,1029,3162,53,3,513478,977,4,74,7.639161171659173,47215.59701492537,10.761194029850746,1.8611111111111112,3.0,0.016490566455241,0.4607287308614501,0.0028598568965162,-1,0.0,DOWNGRADED_STAYER,0,1,1,108101.47368421052,0.6,57.915,249.24,307.15500000000003,HOST_RECOVERY,1.0,307.15500000000003
A51905,2,Premium,2050,QC,269.4,31 - 40,1,2,2,0,2.777,0.0,0.316,1.992,16009,0,1575,12203,867,0,3368,130,2,3,2,1,0,0,2,0,1,0,8238,0,3630,1575,1889,0,2989,107,0,4,6,4,1,0,1,6.059,0.0,4.894,0.391,35502,0,30895,1575,3912,0,4595,107,2,16009,860,2,2,7.62608275807238,2746.0,0.6666666666666666,1.5,0.1666666666666666,0.1911871813546977,0.4406409322651129,0.0,-1,0.0,DOWNGRADED_STAYER,0,1,1,8004.5,0.6,57.915,246.0,303.915,HOST_RECOVERY,1.0,303.915
A25043,9,Maharlika,1989,Makati_BGC,51.0,51 - 60,8,11,7,4,18.506,0.0,18.506,0.0,228469,0,228469,0,10644,0,10644,0,50,66,46,6,10,4,154,3,99,5,1300307,10926,842899,13253,7127,1612,7481,45,0,93,133,93,12,21,7,316.008,8.408,227.232,5.312,3294495,28362,2480291,13953,8910,1509,9512,45,4,28548,1327,1,2,7.595889917718538,19701.62121212121,2.333333333333333,1.32,4.166666666666667,0.0101922084553878,0.6482307639657404,0.0084026310709701,-1,0.0,DOWNGRADED_STAYER,0,1,1,20769.909090909092,0.6,57.915,238.67999999999998,296.59499999999997,HOST_RECOVERY,1.0,296.59499999999997
A34645,2,Premium,1987,Makati_BGC,46.2,41 - 50,1,2,2,0,4.451,0.0,0.0,4.451,30937,0,0,30937,102,0,0,102,5,5,2,0,1,2,17,0,1,9,184612,0,2756,127254,357,0,1929,104,0,16,19,9,1,5,4,77.083,0.0,5.598,48.569,510183,0,11489,375654,335,0,1737,113,1,30924,102,2,4,7.59488438721652,36922.4,3.4,1.0,0.4166666666666667,0.6893051372608497,0.0149286070244621,0.0,-1,0.0,DOWNGRADED_STAYER,0,1,1,15468.5,0.6,57.915,238.44000000000003,296.355,HOST_RECOVERY,1.0,296.355
A45293,2,Premium,1984,Makati_BGC,48.6,Above 60,2,2,1,1,10.778,0.438,7.277,0.0,53519,814,36056,0,4261,437,4345,0,12,12,7,2,2,1,80,1,61,0,460629,1832,369982,73,5027,437,5369,43,0,27,31,15,3,4,9,227.507,4.638,164.228,0.179,1284020,8043,971334,146,4918,441,5200,38,1,26754,2129,1,5,7.59337419312129,38385.75,6.666666666666667,1.0,1.0,0.0001584789494365,0.8032103927455718,0.003977170347503,-1,0.0,DOWNGRADED_STAYER,0,1,1,26759.5,0.6,57.915,238.07999999999998,295.995,HOST_RECOVERY,1.0,295.995
A40512,2,Premium,1978,QC,133.8,51 - 60,1,2,0,2,9.039,0.0,0.0,9.039,75672,0,0,75672,187,0,0,187,4,4,2,0,1,1,13,0,0,13,98906,0,0,98906,164,0,0,164,0,14,20,11,3,3,3,86.522,0.0,0.0,86.522,597243,0,0,597243,155,0,0,155,8,75670,175,2,9,7.590346945602565,24726.5,3.25,1.0,0.3333333333333333,1.0,0.0,0.0,-1,0.0,DOWNGRADED_STAYER,0,1,1,37836.0,0.6,57.915,237.36,295.27500000000003,HOST_RECOVERY,1.0,295.27500000000003
A31095,7,Premium,1972,Pasay,96.6,41 - 50,5,7,5,2,23.594,0.275,18.499,0.0,308046,744,243049,0,10871,4374,10916,0,42,44,16,6,5,17,145,8,100,0,1749478,12150,1294733,0,10339,2751,10840,0,0,66,71,24,13,7,27,240.289,8.481,187.178,0.283,2556921,12610,2054249,350,9104,2584,9294,53,1,61601,2172,1,4,7.587310506022615,39760.86363636364,3.2954545454545454,1.0476190476190477,3.5,0.0,0.7400681803372205,0.0069449287158798,-1,0.0,DOWNGRADED_STAYER,0,1,1,44006.57142857143,0.6,57.915,236.64000000000001,294.555,HOST_RECOVERY,1.0,294.555
A274,2,Premium,1953,Makati_BGC,43.8,Above 60,2,2,1,1,19.262,0.0,19.262,0.0,117150,0,117150,0,5347,0,5347,0,28,48,29,6,5,8,245,0,240,0,1255207,1196,1242303,58,4379,5468,4422,146,0,64,114,62,13,17,22,592.991,0.353,587.554,0.043,2879710,1196,2866807,58,4177,5468,4193,146,8,58568,2668,1,9,7.577633832602728,26150.14583333333,5.104166666666667,1.7142857142857142,2.333333333333333,4.620751796317261e-05,0.9897196239345384,0.0009528308876543,-1,0.0,DOWNGRADED_STAYER,0,1,1,58575.0,0.6,57.915,234.36,292.27500000000003,HOST_RECOVERY,1.0,292.27500000000003
A48968,1,Premium,1949,Makati_BGC,57.6,51 - 60,1,1,1,0,7.538,0.0,2.54,1.229,12864,0,4636,1796,1179,0,1722,57,3,4,0,2,2,0,47,3,18,0,247080,4527,112281,554,4696,437,5899,61,0,11,15,0,3,8,4,134.479,8.574,75.092,0.681,927844,16917,575881,889,5651,501,6560,61,4,12860,1166,1,7,7.575584651557793,61770.0,11.75,1.3333333333333333,0.25,0.0022421887647725,0.4544317629917435,0.0183220009713453,-1,0.0,DOWNGRADED_STAYER,0,1,1,12864.0,0.6,57.915,233.88,291.795,HOST_RECOVERY,1.0,291.795
A21104,1,Premium,1948,Makati_BGC,67.8,51 - 60,1,1,1,0,3.045,0.0,3.045,0.0,34934,0,34934,0,9581,0,9581,0,6,6,6,0,0,0,15,0,13,0,133013,0,121058,1691,7658,0,8038,119,0,16,17,15,1,1,0,37.75,0.0,35.581,0.87,334480,0,321679,2537,7835,0,8089,77,1,34934,9579,1,3,7.575071699507561,22168.83333333333,2.5,1.0,0.5,0.0127130430860141,0.9101215670648732,0.0,-1,0.0,DOWNGRADED_STAYER,0,1,1,34934.0,0.6,57.915,233.76,291.675,HOST_RECOVERY,1.0,291.675
A28705,2,Elite,1912,Pasay,182.4,41 - 50,1,2,2,0,24.818,0.0,1.95,10.459,86342,0,5293,37878,396,0,2173,65,3,3,0,0,1,2,22,0,4,7,143351,0,17963,53713,1392,0,3922,126,0,6,7,2,0,2,3,29.714,0.0,3.745,14.743,158502,0,17963,68864,1063,0,3922,86,1,86328,394,2,24,7.556427969440253,47783.66666666666,7.333333333333333,1.0,0.25,0.3746956770444573,0.1253078108977265,0.0,-1,0.0,DOWNGRADED_STAYER,0,1,1,43171.0,0.6,57.915,229.44000000000003,287.355,HOST_RECOVERY,1.0,287.355
A37719,1,Premium,1826,Makati_BGC,52.2,31 - 40,1,1,1,0,4.048,0.0,0.0,4.048,42428,0,0,42428,130,0,0,130,4,7,0,0,4,3,19,0,0,14,179664,0,335,130588,171,0,2479,131,0,15,18,8,2,5,3,25.093,0.0,0.144,20.175,196170,0,335,147094,136,0,2479,100,1,42428,117,1,4,7.510430556378006,25666.285714285717,2.7142857142857144,1.75,0.3333333333333333,0.7268456674681628,0.0018645916822513,0.0,-1,0.0,DOWNGRADED_STAYER,0,1,1,42428.0,0.6,57.915,219.12,277.035,HOST_RECOVERY,1.0,277.035
A13540,5,Supreme,1825,Makati_BGC,50.4,Above 60,5,5,2,3,41.734,0.0,17.609,4.856,345254,0,173969,11722,6385,0,8283,54,43,60,15,4,25,16,446,11,194,35,2723403,17604,1387899,85162,4498,1581,5554,49,0,82,113,27,10,43,33,743.549,10.892,319.503,74.851,4259516,17714,2142458,175062,4056,1573,5136,50,4,69051,1268,1,8,7.509883061154913,45390.05,7.433333333333334,1.3953488372093024,3.583333333333333,0.0312704362887167,0.5096193989651917,0.0064639717294869,-1,0.0,DOWNGRADED_STAYER,0,1,1,69050.8,0.6,57.915,219.0,276.915,HOST_RECOVERY,1.0,276.915
A20809,3,Elite,1804,Manila,0.0,51 - 60,1,3,0,3,69.2,0.316,16.511,11.666,191191,719,23299,54885,838,1094,1259,151,1,3,1,1,1,0,60,0,13,17,163786,0,14565,67327,466,0,953,106,0,2,7,2,2,2,1,108.793,0.0,32.547,26.392,324480,0,64079,108775,921,0,1744,110,5,191188,831,3,69,7.498315870766981,54595.333333333336,20.0,3.0,0.0833333333333333,0.4110668799531095,0.0889270145189454,0.0,-1,0.0,DOWNGRADED_STAYER,0,1,1,63730.333333333336,0.6,57.915,216.48,274.395,HOST_RECOVERY,1.0,274.395
A20836,1,Elite,1796,QC,155.4,41 - 50,1,1,0,1,4.55,0.0,4.55,0.0,14959,0,14959,0,2879,0,2879,0,2,3,0,0,1,2,19,0,19,0,88894,0,88894,0,4662,0,4662,0,0,4,6,1,0,1,4,54.838,0.0,45.217,0.453,353842,0,282779,773,5864,0,5746,58,2,14959,2872,1,4,7.493873886783559,29631.33333333333,6.333333333333333,1.5,0.1666666666666666,0.0,1.0,0.0,-1,0.0,DOWNGRADED_STAYER,0,1,1,14959.0,0.6,57.915,215.51999999999998,273.435,HOST_RECOVERY,1.0,273.435
A34032,1,Supreme,1792,Makati_BGC,46.2,Above 60,1,1,1,0,5.415,0.0,0.0,5.415,19552,0,0,19552,61,0,0,61,25,26,21,3,1,1,144,0,0,144,675389,0,0,675389,83,0,0,83,0,62,72,54,11,3,4,426.016,0.0,0.0,426.016,2171472,0,0,2171472,97,0,0,97,2,19552,58,1,5,7.491645473605133,25976.5,5.538461538461538,1.04,2.083333333333333,1.0,0.0,0.0,-1,0.0,DOWNGRADED_STAYER,0,1,1,19552.0,0.6,57.915,215.04000000000002,272.95500000000004,HOST_RECOVERY,1.0,272.95500000000004
A5084,1,Supreme,1763,Makati_BGC,67.8,Above 60,1,1,0,1,3.734,0.0,0.49,1.377,30151,0,4389,10687,2520,0,9025,209,9,10,1,0,3,6,79,1,4,44,366784,1458,31537,185321,952,2187,7127,98,0,38,46,9,1,14,22,357.986,1.021,62.981,129.054,1737978,1458,420181,506681,2285,2187,6528,85,1,30151,2508,1,3,7.475339236566737,36678.4,7.9,1.1111111111111112,0.75,0.5052592261385448,0.0859824856046065,0.0039750916070493,-1,0.0,DOWNGRADED_STAYER,0,1,1,30151.0,0.6,57.915,211.56,269.475,HOST_RECOVERY,1.0,269.475
A27622,2,Premium,1748,Makati_BGC,46.2,31 - 40,2,2,1,1,4.945,0.0,0.0,4.945,26506,0,0,26506,126,0,0,126,14,16,7,2,4,3,55,0,0,55,419117,0,0,419117,132,0,0,132,0,21,24,10,3,7,4,82.767,0.0,0.0,82.767,615349,0,0,615349,133,0,0,133,1,13253,58,1,2,7.466799475018602,26194.8125,3.4375,1.1428571428571428,1.1666666666666667,1.0,0.0,0.0,-1,0.0,DOWNGRADED_STAYER,0,1,1,13253.0,0.6,57.915,209.76,267.675,HOST_RECOVERY,1.0,267.675
A44718,7,Supreme,1736,Makati_BGC,45.0,31 - 40,2,7,6,1,34.301,3.517,0.0,22.888,252665,4025,0,232509,195,547,0,117,7,13,6,4,1,2,15,0,0,15,245275,0,0,245275,158,0,0,158,0,45,72,45,12,8,7,88.737,25.755,0.005,54.785,443110,45843,0,384175,331,817,15,74,3,126321,87,3,17,7.459914766241105,18867.30769230769,1.1538461538461535,1.8571428571428568,0.5833333333333334,1.0,0.0,0.0,-1,0.0,DOWNGRADED_STAYER,0,1,1,36095.0,0.6,57.915,208.32,266.235,HOST_RECOVERY,1.0,266.235
A14647,2,Premium,1736,Manila,0.0,51 - 60,1,2,0,2,10.032,0.0,0.0,10.032,46226,0,0,46226,71,0,0,71,1,3,1,0,1,1,16,0,0,16,45889,0,0,45889,50,0,0,50,0,4,11,6,1,2,2,58.709,0.0,0.0,58.709,255381,0,0,255381,82,0,0,82,2,46219,58,2,10,7.459914766241105,15296.333333333334,5.333333333333333,3.0,0.0833333333333333,1.0,0.0,0.0,-1,0.0,DOWNGRADED_STAYER,0,1,1,23113.0,0.6,57.915,208.32,266.235,HOST_RECOVERY,1.0,266.235
A37155,1,Premium,1721,QC,155.4,51 - 60,1,1,0,1,2.716,0.0,0.0,2.716,16636,0,0,16636,143,0,0,143,6,6,1,0,1,4,21,0,0,21,158363,0,0,158363,178,0,0,178,0,17,18,5,1,1,11,65.608,0.0,0.0,65.608,442562,0,0,442562,142,0,0,142,3,16636,131,1,2,7.451241684987676,26393.83333333333,3.5,1.0,0.5,1.0,0.0,0.0,-1,0.0,DOWNGRADED_STAYER,0,1,1,16636.0,0.6,57.915,206.51999999999998,264.435,HOST_RECOVERY,1.0,264.435
A22731,1,Premium,1710,Makati_BGC,41.4,51 - 60,1,1,0,1,2.906,0.0,0.888,0.565,9769,0,656,4228,400,0,582,114,10,11,3,0,5,3,38,0,1,24,389199,0,1006,265341,194,0,787,154,0,20,21,6,1,9,5,67.32,0.0,2.073,47.244,672571,0,4126,479430,244,0,1752,143,2,9769,394,1,2,7.444833273892193,35381.72727272727,3.4545454545454546,1.1,0.8333333333333334,0.6817617722553244,0.0025847959527131,0.0,-1,0.0,DOWNGRADED_STAYER,0,1,1,9769.0,0.6,57.915,205.20000000000002,263.115,HOST_RECOVERY,1.0,263.115
A21906,1,Premium,1706,Pasay,96.6,41 - 50,1,1,0,1,2.813,0.0,2.813,0.0,11372,0,11372,0,3895,0,3895,0,21,21,6,0,2,13,75,0,70,1,566236,0,527534,1957,6437,0,6529,29,0,35,36,8,1,3,24,122.756,0.0,116.648,1.546,868489,0,829033,2711,6038,0,6108,28,5,11372,3893,1,2,7.442492722794441,26963.61904761905,3.571428571428572,1.0,1.75,0.0034561560903934,0.931650407250687,0.0,-1,0.0,DOWNGRADED_STAYER,0,1,1,11372.0,0.6,57.915,204.72,262.635,HOST_RECOVERY,1.0,262.635
A47683,2,Premium,1693,Makati_BGC,75.6,51 - 60,2,4,1,3,40.57,0.657,2.323,19.198,155326,1174,1312,87424,161,1094,526,79,5,5,3,2,0,0,21,0,0,21,90899,0,0,90899,83,0,0,83,0,8,9,7,2,0,0,31.492,0.0,0.0,31.492,109168,0,0,109168,67,0,0,67,3,77653,73,2,20,7.434847875211999,18179.8,4.2,1.0,0.4166666666666667,1.0,0.0,0.0,-1,0.0,DOWNGRADED_STAYER,0,1,1,38831.5,0.6,57.915,203.16,261.075,HOST_RECOVERY,1.0,261.075
A6083,1,Supreme,1671,QC,155.4,51 - 60,2,2,2,0,5.19,0.0,0.0,5.19,29319,0,0,29319,158,0,0,158,13,15,14,0,0,1,75,0,0,75,401638,0,0,401638,153,0,0,153,0,38,49,33,3,4,9,300.826,0.0,8.237,237.521,1250319,0,33753,1047891,348,0,4431,122,3,14653,73,1,2,7.421775793644647,26775.866666666665,5.0,1.1538461538461535,1.0833333333333333,1.0,0.0,0.0,-1,0.0,DOWNGRADED_STAYER,0,1,1,14659.5,0.6,57.915,200.51999999999998,258.435,HOST_RECOVERY,1.0,258.435
A50196,2,Premium,1650,Makati_BGC,82.8,51 - 60,2,2,1,1,5.424,0.0,0.0,5.424,34730,0,0,34730,133,0,0,133,10,11,4,3,3,1,55,0,1,42,369034,0,11154,273987,522,0,10086,134,0,23,26,11,5,6,4,169.279,0.0,11.034,96.654,1220161,0,122414,631462,1389,0,10655,138,1,17365,58,1,2,7.409136443920128,33548.545454545456,5.0,1.1,0.8333333333333334,0.7424437856674453,0.0302248573302188,0.0,-1,0.0,DOWNGRADED_STAYER,0,1,1,17365.0,0.6,57.915,198.0,255.915,HOST_RECOVERY,1.0,255.915
A31620,1,Premium,1621,Makati_BGC,46.2,Above 60,2,3,1,2,26.668,0.818,5.175,3.536,207930,2032,56206,17744,5638,3774,10144,181,35,37,5,1,0,31,119,3,49,10,1502996,8441,738477,43286,10172,4332,12885,154,0,69,74,13,1,0,60,202.359,4.917,99.719,13.334,2496235,12299,1418240,51297,10033,3262,11988,131,2,103955,2814,1,13,7.3914152346753585,40621.51351351351,3.216216216216216,1.0571428571428572,2.9166666666666665,0.0287998105118044,0.4913366369571176,0.0056161160774878,-1,0.0,DOWNGRADED_STAYER,0,1,1,69310.0,0.6,57.915,194.51999999999998,252.43499999999997,HOST_RECOVERY,1.0,252.43499999999997
A27118,1,Premium,1585,Makati_BGC,52.2,Above 60,1,1,1,0,8.194,0.0,0.0,8.194,20222,0,0,20222,46,0,0,46,8,8,7,1,0,0,53,0,0,53,169104,0,0,169104,60,0,0,60,0,22,25,22,2,1,0,187.204,0.0,0.0,187.204,550491,0,0,550491,53,0,0,53,3,20222,44,1,8,7.368970402194793,21138.0,6.625,1.0,0.6666666666666666,1.0,0.0,0.0,-1,0.0,DOWNGRADED_STAYER,0,1,1,20222.0,0.6,57.915,190.20000000000002,248.115,HOST_RECOVERY,1.0,248.115
A36801,2,Premium,1582,Makati_BGC,57.6,41 - 50,1,2,0,2,14.592,0.0,2.814,4.482,64035,0,6576,25442,863,0,2109,82,7,14,5,4,3,2,136,0,24,44,605452,0,119804,186115,1780,0,4903,86,0,16,41,17,7,8,9,339.605,0.0,34.725,171.865,1044645,0,150480,451879,888,0,4186,59,2,64035,860,2,14,7.367077059881012,43246.57142857143,9.714285714285714,2.0,0.5833333333333334,0.3073984395129589,0.1978753063826694,0.0,-1,0.0,DOWNGRADED_STAYER,0,1,1,32017.5,0.6,57.915,189.84,247.755,HOST_RECOVERY,1.0,247.755
A10582,1,Elite,1579,Mandaluyong_Pasig,182.4,51 - 60,1,1,1,0,4.42,0.0,0.0,4.42,54896,0,0,54896,164,0,0,164,6,7,2,0,1,4,13,0,0,13,154461,0,0,154461,173,0,0,173,0,8,10,4,1,1,4,26.525,0.444,0.0,21.906,368409,1386,0,323672,362,437,0,327,1,54894,160,1,4,7.365180126021013,22065.85714285714,1.8571428571428568,1.1666666666666667,0.5,1.0,0.0,0.0,-1,0.0,DOWNGRADED_STAYER,0,0,0,54896.0,0.6,57.915,189.48000000000002,247.395,HOST_RECOVERY,1.0,247.395
A49777,1,Premium,1578,Makati_BGC,51.0,41 - 50,1,1,0,1,1.643,0.0,1.643,0.0,19523,0,19523,0,9637,0,9637,0,29,36,24,4,8,0,138,5,63,17,1292062,11602,620189,159597,6130,522,8648,163,0,51,61,37,11,11,2,194.004,5.091,107.925,18.9,1665879,11602,940381,170496,5952,522,7633,158,2,19523,9637,1,1,7.364547014255642,35890.61111111111,3.8333333333333335,1.2413793103448276,2.4166666666666665,0.1235211622971653,0.4799994117929325,0.0089794452588188,-1,0.0,DOWNGRADED_STAYER,0,1,1,19523.0,0.6,57.915,189.36,247.275,HOST_RECOVERY,1.0,247.275
A52176,16,Maharlika,1572,Makati_BGC,57.6,51 - 60,5,16,12,4,45.334,0.0,0.0,45.334,319054,0,0,319054,117,0,0,117,65,255,167,38,41,9,770,0,0,766,5591255,0,117,5566877,112,0,2041,112,0,115,539,348,79,82,30,1772.473,0.979,0.354,1736.758,13604512,2334,1516,13288546,137,1094,3672,133,10,63802,15,3,9,7.360739903058278,21926.49019607843,3.019607843137255,3.923076923076923,5.416666666666667,0.9956399770713372,2.09255346071678e-05,0.0,-1,0.0,DOWNGRADED_STAYER,0,1,1,19940.875,0.6,57.915,188.64,246.55499999999998,HOST_RECOVERY,1.0,246.55499999999998
A45881,1,Premium,1567,Ortigas,0.0,51 - 60,1,1,1,0,2.019,0.0,2.019,0.0,3645,0,3645,0,1648,0,1648,0,6,8,2,3,2,1,96,0,53,6,354491,0,197209,16202,3054,0,3375,59,0,9,14,8,3,2,1,161.444,0.0,79.851,19.43,606671,0,297840,74925,2651,0,3295,90,7,3645,1648,1,2,7.357556200910353,44311.375,12.0,1.3333333333333333,0.5,0.0457049685323463,0.5563159572457411,0.0,-1,0.0,DOWNGRADED_STAYER,0,1,1,3645.0,0.6,57.915,188.04,245.95499999999998,HOST_RECOVERY,1.0,245.95499999999998
A30908,2,Premium,1564,Makati_BGC,67.8,51 - 60,2,2,1,1,3.351,0.0,3.351,0.0,46423,0,46423,0,13631,0,13631,0,20,21,7,0,5,9,35,0,31,0,429906,0,383789,87,11138,0,11235,131,0,40,44,13,3,8,20,80.123,0.314,73.796,0.046,1166164,1180,1103706,87,12610,1933,12941,131,2,23211,6809,1,1,7.355641102974253,20471.714285714286,1.6666666666666667,1.05,1.6666666666666667,0.0002023698203793,0.8927277125697245,0.0,-1,0.0,DOWNGRADED_STAYER,0,1,1,23211.5,0.6,57.915,187.68,245.595,HOST_RECOVERY,1.0,245.595
A27443,3,Elite,1554,Pasay,96.6,Above 60,2,3,0,3,9.903,0.0,9.903,0.0,72652,0,72652,0,6652,0,6652,0,6,6,0,1,1,4,15,0,12,0,138769,0,124688,319,8266,0,8892,18,0,11,13,2,2,2,7,56.756,0.0,38.096,1.342,365371,0,280505,1908,5769,0,6526,30,1,36319,3324,1,4,7.349230824613334,23128.166666666668,2.5,1.0,0.5,0.0022987843106169,0.8985292104144298,0.0,-1,0.0,DOWNGRADED_STAYER,0,1,1,24217.333333333332,0.6,57.915,186.48000000000002,244.395,HOST_RECOVERY,1.0,244.395
A32902,3,Premium,1539,QC,84.0,41 - 50,2,3,2,1,3.059,0.654,2.405,0.0,35345,1184,34161,0,8656,1380,10635,0,8,10,6,4,0,0,29,9,9,0,353887,65547,158645,0,10397,5880,15057,0,0,10,12,6,6,0,0,30.419,9.146,10.182,0.0,358509,66014,162800,0,10115,5686,14224,0,2,17671,4316,1,1,7.339537695407674,35388.7,2.9,1.25,0.6666666666666666,0.0,0.4482928166335582,0.1852201408924317,-1,0.0,DOWNGRADED_STAYER,0,0,0,11781.666666666666,0.6,57.915,184.68,242.595,HOST_RECOVERY,1.0,242.595
A3020,2,Elite,1536,Makati_BGC,51.0,51 - 60,2,2,1,1,8.751,0.0,0.0,8.751,40428,0,0,40428,62,0,0,62,6,6,4,0,0,2,26,0,0,26,109137,0,0,109137,56,0,0,56,0,17,21,11,2,1,7,73.117,0.0,0.0,73.117,246220,0,0,246220,49,0,0,49,1,20208,29,1,4,7.337587743538596,18189.5,4.333333333333333,1.0,0.5,1.0,0.0,0.0,-1,0.0,DOWNGRADED_STAYER,0,1,1,20214.0,0.6,57.915,184.32,242.23499999999999,HOST_RECOVERY,1.0,242.23499999999999
A5180,1,Premium,1527,Makati_BGC,57.6,Above 60,1,1,0,1,3.53,0.0,0.0,3.53,14522,0,0,14522,59,0,0,59,12,13,3,0,6,4,45,0,0,43,191144,0,44,180821,54,0,800,52,0,47,51,12,5,20,14,212.369,0.0,0.713,186.357,866154,0,2347,766441,69,0,2933,50,4,14522,58,1,3,7.331714969726466,14703.384615384615,3.4615384615384617,1.0833333333333333,1.0,0.9459935964508434,0.0002301929435399,0.0,-1,0.0,DOWNGRADED_STAYER,0,1,1,14522.0,0.6,57.915,183.24,241.155,HOST_RECOVERY,1.0,241.155
A38391,1,Supreme,1522,Makati_BGC,57.6,51 - 60,1,1,1,0,6.972,0.0,3.274,0.212,51672,0,25398,437,6305,0,6712,51,8,8,6,2,0,0,37,0,21,1,315234,0,180253,3091,7205,0,7552,80,0,30,34,22,7,3,2,179.518,0.0,91.127,4.922,2188341,0,1167158,15316,9917,0,10573,64,2,51672,6299,1,6,7.328437352895162,39404.25,4.625,1.0,0.6666666666666666,0.0098054143905796,0.5718069751359308,0.0,-1,0.0,DOWNGRADED_STAYER,0,1,1,51672.0,0.6,57.915,182.64,240.55499999999998,HOST_RECOVERY,1.0,240.55499999999998
A2607,3,Supreme,1509,QC,240.6,51 - 60,3,3,1,2,10.775,0.0,0.0,10.775,51427,0,0,51427,120,0,0,120,38,46,22,3,13,8,172,0,0,172,949494,0,0,949494,139,0,0,139,0,95,115,57,6,19,33,454.161,0.0,0.0,454.161,2234407,0,0,2234407,118,0,0,118,6,17132,29,1,3,7.31986492980897,20641.17391304348,3.739130434782609,1.2105263157894737,3.1666666666666665,1.0,0.0,0.0,-1,0.0,DOWNGRADED_STAYER,0,1,1,17142.333333333332,0.6,57.915,181.08,238.995,HOST_RECOVERY,1.0,238.995
A18377,4,Elite,1506,Pasay,96.6,41 - 50,2,4,2,2,54.857,1.286,8.457,12.133,270200,1819,33374,73337,1350,1094,3533,113,2,3,1,1,0,1,20,0,0,11,25034,0,0,13414,31,1094,0,29,0,6,9,4,1,2,2,37.976,0.003,1.787,21.842,86366,0,2012,52777,103,1094,971,45,2,135098,671,2,27,7.317876198626496,8344.666666666666,6.666666666666667,1.5,0.1666666666666666,0.535831269473516,0.0,0.0,-1,0.0,DOWNGRADED_STAYER,0,1,1,67550.0,0.6,57.915,180.72000000000003,238.63500000000002,HOST_RECOVERY,1.0,238.63500000000002
A31563,3,Supreme,1463,Makati_BGC,57.6,51 - 60,3,3,2,1,2.4,0.0,0.079,1.266,9142,0,335,4739,254,0,3076,56,30,31,22,7,2,0,54,1,2,30,292622,1152,10498,165371,480,3281,5389,79,0,72,78,50,16,6,6,172.46,4.198,8.502,89.042,964221,8825,80248,474284,1094,3759,7886,77,1,3047,73,1,0,7.288927694521257,9439.41935483871,1.7419354838709675,1.0333333333333334,2.5,0.5651352256494727,0.0358756347779729,0.0039368195145956,-1,0.0,DOWNGRADED_STAYER,0,1,1,3047.3333333333335,0.6,57.915,175.56,233.475,HOST_RECOVERY,1.0,233.475
A14266,2,Supreme,1444,Makati_BGC,57.6,41 - 50,2,2,0,2,10.058,2.201,4.307,0.0,32225,5651,16475,0,1435,1094,1789,0,45,63,29,8,11,15,344,54,172,0,1827844,164905,1072038,0,2940,1720,3337,0,0,83,119,53,17,20,29,532.631,242.056,172.508,0.0,2424367,759965,1072082,0,2480,1663,3336,0,6,16111,714,1,5,7.275864600546533,29013.396825396827,5.4603174603174605,1.4,3.75,0.0,0.5865040999122464,0.0902183118471817,-1,0.0,DOWNGRADED_STAYER,0,1,1,16112.5,0.6,57.915,173.28,231.195,HOST_RECOVERY,1.0,231.195
A31039,6,Premium,1431,QC,184.8,Above 60,2,6,3,3,41.68,0.0,41.68,0.0,165512,0,165512,0,3307,0,3307,0,7,7,4,0,1,2,31,0,31,0,88836,0,88836,0,2535,0,2535,0,0,19,19,11,1,1,6,81.938,0.0,81.938,0.0,240176,0,240176,0,2732,0,2732,0,1,82756,1648,3,20,7.266827347520591,12690.857142857143,4.428571428571429,1.0,0.5833333333333334,0.0,1.0,0.0,-1,0.0,DOWNGRADED_STAYER,0,1,1,27585.333333333332,0.6,57.915,171.72000000000003,229.63500000000002,HOST_RECOVERY,1.0,229.63500000000002
A5802,5,Supreme,1430,Makati_BGC,52.2,51 - 60,5,5,2,3,60.715,12.582,14.765,0.051,150360,16300,50155,101,2310,2056,2461,128,14,16,1,1,12,2,138,22,39,2,417777,37558,155627,3397,2580,2686,2747,89,0,32,42,5,5,25,7,441.976,79.049,125.4,2.618,1451811,146734,540772,4702,2652,1432,3564,98,8,30064,452,1,12,7.266128779556451,26111.0625,8.625,1.1428571428571428,1.1666666666666667,0.0081311321590226,0.3725121296768371,0.0898996354514489,-1,0.0,DOWNGRADED_STAYER,0,1,1,30072.0,0.6,57.915,171.60000000000002,229.51500000000001,HOST_RECOVERY,1.0,229.51500000000001
A1589,5,Supreme,1428,Makati_BGC,57.6,51 - 60,5,5,3,2,33.844,0.0,4.881,12.041,200018,0,30399,69610,1762,0,5987,50,57,59,30,27,2,0,486,0,34,211,1821290,0,213101,705235,819,0,5552,51,0,134,136,81,51,3,1,1155.676,0.0,111.54,468.272,4402757,0,702960,1506110,1079,0,5377,51,1,39993,350,1,6,7.264730177929867,30869.322033898305,8.23728813559322,1.0350877192982455,4.75,0.387217302022193,0.1170055290480922,0.0,-1,0.0,DOWNGRADED_STAYER,0,1,1,40003.6,0.6,57.915,171.36,229.275,HOST_RECOVERY,1.0,229.275
A21237,2,Supreme,1414,QC,202.8,41 - 50,2,2,1,1,14.472,0.0,0.0,14.472,61469,0,0,61469,78,0,0,78,23,32,11,4,8,9,148,0,4,108,896626,0,30239,635921,490,0,6592,102,0,61,90,42,11,19,18,519.261,5.297,7.798,367.614,2638621,13183,51890,1832939,310,1399,6219,90,5,30735,29,1,7,7.254884810077338,28019.5625,4.625,1.391304347826087,1.9166666666666667,0.7092377423808812,0.0337253213714525,0.0,-1,0.0,DOWNGRADED_STAYER,0,1,1,30734.5,0.6,57.915,169.68,227.595,HOST_RECOVERY,1.0,227.595
A34329,1,Premium,1412,Makati_BGC,50.4,Above 60,1,1,0,1,4.925,0.0,0.0,4.925,14318,0,0,14318,79,0,0,79,20,20,6,2,10,2,133,0,0,133,395902,0,0,395902,63,0,0,63,0,48,49,27,5,14,3,294.225,0.0,0.0,294.225,834949,0,0,834949,65,0,0,65,2,14318,73,1,4,7.253470382684528,19795.1,6.65,1.0,1.6666666666666667,1.0,0.0,0.0,-1,0.0,DOWNGRADED_STAYER,0,1,1,14318.0,0.6,57.915,169.44,227.355,HOST_RECOVERY,1.0,227.355
A50404,1,Prime,1408,Ortigas,0.0,21 - 30,1,1,1,0,16.4,0.0,2.819,5.381,41052,0,13180,7346,1466,0,4195,36,1,1,1,0,0,0,2,0,0,2,1796,0,0,1796,22,0,0,22,0,2,3,3,0,0,0,4.323,0.0,0.0,4.323,5715,0,0,5715,37,0,0,37,1,41043,1458,1,16,7.25063551189868,1796.0,2.0,1.0,0.0833333333333333,1.0,0.0,0.0,-1,0.0,DOWNGRADED_STAYER,0,1,1,41052.0,0.6,57.915,168.96,226.875,HOST_RECOVERY,1.0,226.875
A33678,6,Supreme,1397,Makati_BGC,45.0,51 - 60,3,6,2,4,4.384,0.0,4.384,0.0,70013,0,70013,0,12959,0,12959,0,55,78,37,8,21,12,92,2,87,0,1649211,10115,1603363,0,14870,6069,15239,29,0,89,129,60,16,32,21,166.579,8.204,143.264,0.052,2958198,20675,2769821,0,14783,2680,16073,29,3,23328,4316,2,1,7.242797922793756,21143.73076923077,1.1794871794871795,1.4181818181818182,4.583333333333333,0.0,0.9722000398978664,0.0061332358321645,-1,0.0,DOWNGRADED_STAYER,0,1,1,11668.833333333334,0.6,57.915,167.64,225.55499999999998,HOST_RECOVERY,1.0,225.55499999999998
A5332,2,Premium,1390,Manila,0.0,Above 60,1,2,0,2,25.504,2.372,0.0,10.38,78374,3621,0,35566,182,696,0,65,4,10,0,3,4,3,94,5,0,51,271179,7297,0,150572,122,736,0,54,0,7,18,2,5,7,4,150.767,8.279,0.073,85.825,378318,13893,117,211765,131,773,1458,48,2,78368,175,2,25,7.237778191923443,27117.9,9.4,2.5,0.3333333333333333,0.5552494846577353,0.0,0.0269084257999328,-1,0.0,DOWNGRADED_STAYER,0,1,1,39187.0,0.6,57.915,166.8,224.715,HOST_RECOVERY,1.0,224.715
A13440,1,Premium,1387,Makati_BGC,57.6,41 - 50,1,1,1,0,1.818,0.0,1.818,0.0,18181,0,18181,0,8509,0,8509,0,32,38,23,5,1,9,66,0,57,2,829223,0,759647,4476,11154,0,11890,75,0,50,57,37,8,1,11,98.69,0.2,87.305,1.884,1254085,219,1154269,4476,11218,219,11733,75,2,18181,8500,1,1,7.23561914106675,21821.657894736843,1.736842105263158,1.1875,2.6666666666666665,0.0053978242282232,0.916094946715178,0.0,-1,0.0,DOWNGRADED_STAYER,0,1,1,18181.0,0.6,57.915,166.44,224.355,HOST_RECOVERY,1.0,224.355
A4,5,Maharlika,1378,Makati_BGC,43.8,Above 60,3,5,3,2,6.182,0.0,6.182,0.0,44279,0,44279,0,6332,0,6332,0,40,53,16,4,17,16,61,0,57,1,368787,0,360534,2377,4882,0,5138,44,0,92,135,40,9,44,42,174.51,0.896,162.712,1.743,1202255,4829,1146119,3295,5331,10935,5458,44,2,14755,2100,1,2,7.229113877793302,6958.245283018868,1.150943396226415,1.325,3.333333333333333,0.0064454549645188,0.9776212285140204,0.0,-1,0.0,DOWNGRADED_STAYER,0,1,1,8855.8,0.6,57.915,165.36,223.275,HOST_RECOVERY,1.0,223.275
A550,4,Premium,1375,Pasay,276.6,41 - 50,1,4,4,0,11.894,0.0,0.315,8.882,133511,0,3485,95757,902,0,14001,167,2,4,2,0,1,1,2,0,0,2,3017,0,0,3017,24,0,0,24,0,7,11,7,1,2,1,19.377,0.0,1.92,15.247,59452,0,27338,26040,1776,0,14918,33,1,133509,889,4,11,7.226936018493289,754.25,0.5,2.0,0.1666666666666666,1.0,0.0,0.0,-1,0.0,DOWNGRADED_STAYER,0,1,1,33377.75,0.6,57.915,165.0,222.915,HOST_RECOVERY,1.0,222.915
A2677,2,Supreme,1373,Makati_BGC,48.6,51 - 60,2,2,1,1,16.482,7.913,0.328,0.0,84681,39570,2770,0,8005,8056,6768,0,28,29,6,1,6,16,121,96,1,0,642543,537065,9215,190,8389,8973,6537,117,0,44,45,12,1,12,20,217.167,153.537,5.644,0.123,988250,718277,46102,190,7366,7842,6910,117,5,42340,3995,1,8,7.2254814727822945,22156.655172413797,4.172413793103448,1.0357142857142858,2.333333333333333,0.0002957000543154,0.0143414526342984,0.8358428930048262,-1,0.0,DOWNGRADED_STAYER,0,1,1,42340.5,0.6,57.915,164.76,222.67499999999998,HOST_RECOVERY,1.0,222.67499999999998
A51280,5,Premium,1370,QC,155.4,31 - 40,3,5,3,2,50.004,20.122,5.018,1.657,170854,34399,51161,2314,2851,1898,7722,36,16,28,23,1,0,4,222,108,64,0,673255,255811,292416,0,2141,2632,1678,0,0,21,38,31,2,0,5,244.771,131.057,64.253,0.0,710427,292983,292416,0,2077,2425,1678,0,5,56949,948,1,16,7.223295679562314,24044.821428571428,7.928571428571429,1.75,1.3333333333333333,0.0,0.4343317168086386,0.3799615301780157,-1,0.0,DOWNGRADED_STAYER,0,0,0,34170.8,0.6,57.915,164.4,222.315,HOST_RECOVERY,1.0,222.315
A47232,1,Elite,1370,QC,84.0,41 - 50,1,1,0,1,5.786,0.0,5.786,0.0,19975,0,19975,0,2928,0,2928,0,2,2,0,0,0,2,5,0,5,0,8850,0,8850,0,1386,0,1386,0,0,6,6,1,0,0,5,29.845,0.145,26.912,0.0,43149,419,41480,0,1209,437,1310,0,2,19975,2916,1,5,7.223295679562314,4425.0,2.5,1.0,0.1666666666666666,0.0,1.0,0.0,-1,0.0,DOWNGRADED_STAYER,0,1,1,19975.0,0.6,57.915,164.4,222.315,HOST_RECOVERY,1.0,222.315
A9779,2,Supreme,1370,Makati_BGC,75.6,41 - 50,2,2,1,1,1.973,0.0,1.973,0.0,18662,0,18662,0,7884,0,7884,0,54,63,53,10,0,0,127,0,127,0,1265952,0,1265952,0,9200,0,9200,0,0,83,99,85,14,0,0,214.607,0.0,214.607,0.0,1762328,0,1762328,0,7819,0,7819,0,4,9331,3937,1,0,7.223295679562314,20094.47619047619,2.015873015873016,1.1666666666666667,4.5,0.0,1.0,0.0,-1,0.0,DOWNGRADED_STAYER,0,1,1,9331.0,0.6,57.915,164.4,222.315,HOST_RECOVERY,1.0,222.315
A40150,1,Supreme,1370,Makati_BGC,75.6,41 - 50,1,1,1,0,0.612,0.0,0.612,0.0,4126,0,4126,0,4947,0,4947,0,20,22,6,6,5,5,69,0,65,1,487497,0,421012,26681,5244,0,5385,506,0,47,61,22,9,12,18,190.328,0.0,175.34,4.306,1509453,0,1353505,54558,6146,0,6430,274,2,4126,4943,1,0,7.223295679562314,22158.954545454544,3.136363636363636,1.1,1.6666666666666667,0.0547305932139069,0.8636196735569655,0.0,-1,0.0,DOWNGRADED_STAYER,0,1,1,4126.0,0.6,57.915,164.4,222.315,HOST_RECOVERY,1.0,222.315
A9743,1,Premium,1368,Makati_BGC,57.6,Above 60,1,1,0,1,0.592,0.0,0.592,0.0,7057,0,7057,0,9589,0,9589,0,5,5,2,3,0,0,6,0,6,0,78207,0,78207,0,11137,0,11137,0,0,23,24,11,7,4,2,39.377,1.214,32.528,1.515,430455,1806,415049,2012,9720,3026,11264,35,4,7057,9579,1,0,7.221835825288449,15641.4,1.2,1.0,0.4166666666666667,0.0,1.0,0.0,-1,0.0,DOWNGRADED_STAYER,0,1,1,7057.0,0.6,57.915,164.16,222.075,HOST_RECOVERY,1.0,222.075
A31492,1,Premium,1365,Mandaluyong_Pasig,49.8,31 - 40,1,1,1,0,0.941,0.0,0.0,0.941,8232,0,0,8232,223,0,0,223,16,17,15,1,1,0,33,0,0,33,354460,0,0,354460,224,0,0,224,0,34,36,32,3,1,0,75.958,0.0,0.0,75.958,760518,0,0,760518,209,0,0,209,1,8223,219,1,0,7.219642040130735,20850.58823529412,1.9411764705882355,1.0625,1.3333333333333333,1.0,0.0,0.0,-1,0.0,DOWNGRADED_STAYER,0,1,1,8232.0,0.6,57.915,163.8,221.715,HOST_RECOVERY,1.0,221.715
A12495,1,Premium,1348,Makati_BGC,52.2,Above 60,1,1,1,0,7.435,0.0,0.0,7.435,16417,0,0,16417,58,0,0,58,11,12,7,3,2,0,110,0,0,110,235642,0,0,235642,63,0,0,63,0,31,39,21,9,4,5,268.848,0.0,0.0,268.848,660030,0,0,660030,68,0,0,68,1,16417,58,1,7,7.207118856207756,19636.83333333333,9.166666666666666,1.0909090909090908,0.9166666666666666,1.0,0.0,0.0,-1,0.0,DOWNGRADED_STAYER,0,1,1,16417.0,0.6,57.915,161.76,219.67499999999998,HOST_RECOVERY,1.0,219.67499999999998
A17044,2,Premium,1343,Pasay,96.6,Above 60,2,2,1,1,8.566,0.0,8.566,0.0,35357,0,35357,0,4608,0,4608,0,16,25,9,2,5,9,127,4,113,0,417174,7150,388936,0,3474,490,3729,0,0,33,53,20,4,11,18,263.936,7.26,246.814,0.0,802665,12044,769532,0,3243,664,3380,0,2,17671,2304,1,4,7.203405521083095,16686.96,5.08,1.5625,1.3333333333333333,0.0,0.9323112178611322,0.0171391313936151,-1,0.0,DOWNGRADED_STAYER,0,1,1,17678.5,0.6,57.915,161.16,219.075,HOST_RECOVERY,1.0,219.075
A4523,4,Premium,1339,Ortigas,0.0,41 - 50,4,5,2,3,4.209,4.209,0.0,0.0,51806,51806,0,0,13888,13888,0,0,7,13,6,2,4,1,23,23,0,0,228919,228919,0,0,10599,10599,0,0,0,25,38,20,7,9,2,42.422,40.5,0.68,0.0,536405,504542,15426,0,13418,13552,14371,0,4,12947,3470,1,1,7.200424892944957,17609.153846153848,1.7692307692307692,1.8571428571428568,0.5833333333333334,0.0,0.0,1.0,-1,0.0,DOWNGRADED_STAYER,0,1,1,10361.2,0.6,57.915,160.68,218.595,HOST_RECOVERY,1.0,218.595
A1105,1,Elite,1323,Makati_BGC,52.2,41 - 50,1,1,0,1,3.888,0.898,0.0,1.046,23463,1224,0,10508,1010,2086,0,87,5,5,0,1,1,3,15,0,0,13,115872,814,0,105855,105,547,0,84,0,9,10,1,1,4,4,24.585,0.355,0.0,22.618,176404,814,0,166387,103,547,0,91,2,23459,1006,1,3,7.188412736496954,23174.4,3.0,1.0,0.4166666666666667,0.91355115990058,0.0,0.0070249930958298,-1,0.0,DOWNGRADED_STAYER,0,1,1,23463.0,0.6,57.915,158.76,216.67499999999998,HOST_RECOVERY,1.0,216.67499999999998
A33862,4,Supreme,1320,Makati_BGC,51.0,41 - 50,3,4,2,2,14.503,0.0,0.722,8.325,99643,0,2508,59985,437,0,2911,159,8,11,1,3,6,1,43,0,5,17,321999,0,14988,147025,728,0,2456,177,0,21,30,7,6,12,5,106.834,0.0,19.948,33.919,745912,0,72798,302848,1294,0,3177,176,5,33213,131,1,4,7.186144304522325,29272.636363636364,3.909090909090909,1.375,0.6666666666666666,0.4566007968968847,0.0465467284059888,0.0,-1,0.0,DOWNGRADED_STAYER,0,1,1,24910.75,0.6,57.915,158.4,216.315,HOST_RECOVERY,1.0,216.315
A7,2,Premium,1320,Makati_BGC,57.6,Above 60,2,2,2,0,7.098,0.07,2.763,0.013,83077,321,35750,0,11110,7290,12024,15,27,29,17,0,6,6,123,15,45,2,1121796,67774,515170,3675,8829,6894,10194,59,0,41,50,20,0,14,16,185.803,28.611,68.861,1.911,1559848,121014,725792,4258,8388,6270,9702,61,4,41538,5540,1,3,7.186144304522325,38682.62068965517,4.241379310344827,1.0740740740740742,2.25,0.0032759967052833,0.4592367952818516,0.0604156192391486,-1,0.0,DOWNGRADED_STAYER,0,1,1,41538.5,0.6,57.915,158.4,216.315,HOST_RECOVERY,1.0,216.315
A20640,4,Premium,1313,Manila,0.0,51 - 60,1,4,4,0,17.266,0.0,0.0,17.266,70638,0,0,70638,66,0,0,66,6,15,10,1,1,3,71,0,0,71,259554,0,0,259554,62,0,0,62,0,14,42,27,3,5,7,174.279,0.0,0.0,174.279,582822,0,0,582822,63,0,0,63,5,70626,58,4,17,7.180831199044556,17303.6,4.733333333333333,2.5,0.5,1.0,0.0,0.0,-1,0.0,DOWNGRADED_STAYER,0,1,1,17659.5,0.6,57.915,157.56,215.475,HOST_RECOVERY,1.0,215.475
A49581,4,Premium,1310,Mandaluyong_Pasig,98.4,31 - 40,3,4,3,1,22.547,0.0,0.0,22.547,129870,0,0,129870,138,0,0,138,16,18,8,3,2,5,71,0,3,50,370163,0,13195,267230,467,0,4243,145,0,40,56,26,9,8,13,232.522,0.0,116.371,68.81,1649291,0,1000844,367998,4688,0,8332,142,2,43288,44,1,7,7.1785454837637,20564.61111111111,3.9444444444444446,1.125,1.3333333333333333,0.7219252059227962,0.0356464584520873,0.0,-1,0.0,DOWNGRADED_STAYER,0,1,1,32467.5,0.6,57.915,157.20000000000002,215.115,HOST_RECOVERY,1.0,215.115
A12522,1,Premium,1304,Makati_BGC,57.6,41 - 50,1,1,1,0,3.563,3.563,0.0,0.0,56570,56570,0,0,19601,19601,0,0,23,25,19,6,0,0,47,47,0,0,294691,294691,0,0,7681,7681,0,0,0,47,52,38,13,1,0,94.698,94.698,0.0,0.0,555321,555321,0,0,7298,7298,0,0,6,56570,19596,1,3,7.173958319756794,11787.64,1.88,1.0869565217391304,1.9166666666666667,0.0,0.0,1.0,-1,0.0,DOWNGRADED_STAYER,0,1,1,56570.0,0.6,57.915,156.48000000000002,214.395,HOST_RECOVERY,1.0,214.395
A19982,1,Premium,1302,Makati_BGC,57.6,41 - 50,1,1,0,1,10.04,0.0,1.085,3.935,37879,0,1371,17569,322,0,1181,85,13,13,1,1,4,7,66,0,0,62,255166,924,0,240939,88,2187,0,68,0,25,25,4,1,6,14,151.82,0.325,1.168,126.275,577729,924,1356,487759,95,2187,1132,70,1,37879,321,1,10,7.172424577124845,19628.153846153848,5.076923076923077,1.0,1.0833333333333333,0.9442441391094424,0.0,0.0036211720997311,-1,0.0,DOWNGRADED_STAYER,0,1,1,37879.0,0.6,57.915,156.24,214.155,HOST_RECOVERY,1.0,214.155
A28857,4,Supreme,1298,Makati_BGC,52.8,51 - 60,4,4,1,3,14.657,0.0,14.657,0.0,100310,0,100310,0,7647,0,7647,0,21,24,3,5,14,2,46,0,46,0,314316,0,314316,0,6813,0,6813,0,0,38,46,8,8,23,7,86.742,0.0,85.579,0.003,606164,0,596497,0,6771,0,6764,15,2,25078,1910,1,3,7.1693500166706,13096.5,1.9166666666666667,1.1428571428571428,1.75,0.0,1.0,0.0,-1,0.0,DOWNGRADED_STAYER,0,1,1,25077.5,0.6,57.915,155.76,213.67499999999998,HOST_RECOVERY,1.0,213.67499999999998
A30984,1,Premium,3034,Makati_BGC,87.6,31 - 40,1,1,1,0,1.004,1.004,0.0,0.0,1884,1884,0,0,1094,1094,0,0,35,41,31,3,4,3,125,25,45,1,504352,41978,251592,5617,2900,1317,4047,91,0,55,71,48,8,9,6,225.69,37.184,107.109,1.454,879716,62825,528321,8867,2991,1449,3854,100,3,1881,1094,1,1,8.017966703493599,12301.268292682927,3.048780487804878,1.1714285714285717,2.9166666666666665,0.0111370630036165,0.4988420785483154,0.0832315525664615,-1,0.0,DOWNGRADED_STAYER,0,1,1,1884.0,0.3,28.9575,182.04,210.9975,HOST_RECOVERY,1.0,210.9975
A42279,3,Supreme,1267,Makati_BGC,50.4,Above 60,3,3,1,2,20.329,13.95,0.0,0.547,33905,23548,0,831,701,726,0,33,58,63,30,9,17,7,647,132,180,7,3056916,236844,1246619,12320,3775,707,6063,54,0,122,139,76,14,33,16,1336.048,231.925,499.333,7.741,5996484,397579,2918785,12320,3669,909,5020,53,2,11300,233,1,6,7.145196134997171,48522.47619047619,10.26984126984127,1.0862068965517242,4.833333333333333,0.0040302056059113,0.407802831350289,0.0774780857570178,-1,0.0,DOWNGRADED_STAYER,0,1,1,11301.666666666666,0.6,57.915,152.04,209.95499999999998,HOST_RECOVERY,1.0,209.95499999999998
A15752,2,Premium,1259,Makati_BGC,41.4,51 - 60,2,2,0,2,6.38,0.869,3.417,0.0,65264,2145,46379,0,9573,2203,12983,0,35,49,7,2,10,30,258,52,115,0,985256,90360,701531,0,3250,1438,5053,0,0,91,145,21,4,45,75,719.031,239.305,190.471,0.0,1927078,444752,892150,0,2485,1562,4302,0,4,32630,4782,1,3,7.138866999945524,20107.26530612245,5.26530612244898,1.4,2.9166666666666665,0.0,0.7120291579041386,0.0917122047467866,-1,0.0,DOWNGRADED_STAYER,0,1,1,32632.0,0.6,57.915,151.08,208.995,HOST_RECOVERY,1.0,208.995
A6044,2,Supreme,1253,Makati_BGC,81.6,Above 60,2,2,2,0,3.718,0.0,3.718,0.0,32892,0,32892,0,8433,0,8433,0,51,51,48,2,0,1,95,1,90,0,954686,2137,929942,0,8789,437,9060,0,0,101,103,93,8,1,1,210.134,2.242,204.034,0.0,2194408,4950,2166850,0,9240,2763,9393,0,4,16446,4214,1,1,7.134093721192866,18719.33333333333,1.862745098039216,1.0,4.25,0.0,0.9740815304717992,0.0022384323222504,-1,0.0,DOWNGRADED_STAYER,0,1,1,16446.0,0.6,57.915,150.35999999999999,208.27499999999998,HOST_RECOVERY,1.0,208.27499999999998
A41611,2,Supreme,1253,Makati_BGC,51.0,Above 60,1,2,0,2,6.211,0.0,0.0,6.211,14318,0,0,14318,40,0,0,40,23,49,26,7,10,6,405,0,6,262,1397048,207,4651,928441,84,1724,593,66,0,57,114,57,19,23,15,793.204,0.111,11.825,514.013,2772160,207,10979,1862116,91,1724,791,70,1,14318,29,2,6,7.134093721192866,28511.183673469382,8.26530612244898,2.130434782608696,1.9166666666666667,0.6645734434321512,0.0033291626343547,0.0001481695689768,-1,0.0,DOWNGRADED_STAYER,0,1,1,7159.0,0.6,57.915,150.35999999999999,208.27499999999998,HOST_RECOVERY,1.0,208.27499999999998
A27984,10,Supreme,1243,Makati_BGC,52.2,41 - 50,3,10,6,4,23.67,0.0,0.0,23.67,124863,0,0,124863,98,0,0,98,29,66,31,8,9,18,225,0,0,225,1118530,0,0,1118530,72,0,0,72,0,69,158,73,20,26,39,612.817,0.0,0.0,612.817,2900387,0,0,2900387,72,0,0,72,4,41611,29,3,7,7.126087273299125,16947.424242424244,3.409090909090909,2.2758620689655173,2.4166666666666665,1.0,0.0,0.0,-1,0.0,DOWNGRADED_STAYER,0,1,1,12486.3,0.6,57.915,149.16,207.075,HOST_RECOVERY,1.0,207.075
A38563,1,Supreme,1235,Makati_BGC,57.6,51 - 60,2,2,1,1,6.964,0.657,0.0,2.825,64499,1492,0,30757,328,1094,0,150,15,17,1,2,10,4,46,5,1,20,376336,12006,11125,189686,704,1094,11195,144,0,40,50,10,5,21,14,107.307,18.303,6.662,34.088,876264,44282,70640,373391,1411,1123,9011,165,2,32236,160,1,3,7.119635638017636,22137.41176470588,2.7058823529411766,1.1333333333333333,1.25,0.5040336295225543,0.029561349432422,0.031902342587475,-1,0.0,DOWNGRADED_STAYER,0,1,1,32249.5,0.6,57.915,148.20000000000002,206.115,HOST_RECOVERY,1.0,206.115
A10846,3,Premium,1221,Manila,0.0,Above 60,2,5,3,2,27.09,0.0,0.0,27.09,84975,0,0,84975,74,0,0,74,2,7,3,2,1,1,41,0,0,41,117806,0,0,117806,64,0,0,64,0,6,22,13,4,2,3,130.79,0.0,0.0,130.79,364857,0,0,364857,61,0,0,61,3,42486,29,2,13,7.108244139731541,16829.428571428572,5.857142857142857,3.5,0.1666666666666666,1.0,0.0,0.0,-1,0.0,DOWNGRADED_STAYER,0,1,1,16995.0,0.6,57.915,146.52,204.435,HOST_RECOVERY,1.0,204.435
A6694,2,Premium,1220,Makati_BGC,57.6,Above 60,1,2,0,2,24.379,9.668,0.0,3.207,58874,19683,0,11216,1137,1415,0,70,26,29,4,1,18,6,305,120,0,36,934433,342368,0,134880,955,1224,0,81,0,63,72,9,5,40,18,607.157,276.285,0.0,68.038,1749285,724353,0,244967,955,1193,0,78,3,58874,1123,2,24,7.107425474110705,32221.82758620689,10.517241379310343,1.1153846153846154,2.1666666666666665,0.144344217295408,0.0,0.366391169832401,-1,0.0,DOWNGRADED_STAYER,0,1,1,29437.0,0.6,57.915,146.4,204.315,HOST_RECOVERY,1.0,204.315
A34054,9,Supreme,1216,Makati_BGC,57.6,51 - 60,5,9,1,8,86.737,1.276,4.573,28.968,349943,3249,20412,117923,585,1094,3786,69,41,89,20,2,33,34,860,70,51,191,4190471,176559,268257,1073540,1175,1257,4864,101,0,82,177,36,5,66,70,1656.28,180.124,76.623,350.858,7093515,434706,393966,1765725,1061,1228,4741,87,2,69984,117,1,17,7.104144092987527,47083.94382022472,9.662921348314606,2.1707317073170733,3.4166666666666665,0.2561859991394762,0.0640159542924888,0.0421334499152959,-1,0.0,DOWNGRADED_STAYER,0,1,1,38882.555555555555,0.6,57.915,145.92000000000002,203.835,HOST_RECOVERY,1.0,203.835
A14876,6,Supreme,1199,Makati_BGC,57.6,Above 60,6,6,2,4,8.856,0.0,4.021,1.667,30487,0,16140,4549,3050,0,4919,48,39,48,13,2,13,20,152,5,39,32,1221758,10818,437823,189867,4922,1734,9972,96,0,90,117,35,8,31,43,322.087,6.866,100.067,59.52,2985695,15544,1203827,373867,6144,1961,10707,101,2,5074,496,1,1,7.090076835776092,25453.291666666668,3.1666666666666665,1.2307692307692308,3.25,0.1554047528233905,0.3583549278989784,0.008854453991707,-1,0.0,DOWNGRADED_STAYER,0,1,1,5081.166666666667,0.6,57.915,143.88,201.795,HOST_RECOVERY,1.0,201.795
A26880,4,Supreme,1197,Makati_BGC,51.0,Above 60,2,4,0,4,10.303,0.0,0.0,10.303,48347,0,0,48347,70,0,0,70,52,85,42,16,13,14,315,0,0,313,1507572,0,15,1502673,81,0,510,81,0,88,148,70,25,26,27,517.934,0.0,0.207,513.389,2712230,0,146,2687167,85,0,584,84,3,24174,29,2,5,7.088408778675395,17736.141176470588,3.7058823529411766,1.6346153846153846,4.333333333333333,0.9967504039608058,9.94977354315416e-06,0.0,-1,0.0,DOWNGRADED_STAYER,0,1,1,12086.75,0.6,57.915,143.64,201.55499999999998,HOST_RECOVERY,1.0,201.55499999999998
A48537,1,Premium,1190,Makati_BGC,52.2,51 - 60,1,1,0,1,8.47,0.0,2.204,2.031,49951,0,15776,9200,3029,0,5769,56,9,10,1,2,7,0,53,0,14,12,337120,0,109248,59604,3671,0,6753,54,0,25,30,3,10,14,3,94.052,0.0,38.373,14.894,637176,0,302506,69649,4837,0,7243,52,1,49951,3018,1,8,7.0825485693553,33712.0,5.3,1.1111111111111112,0.75,0.1768035121025154,0.32406264831514,0.0,-1,0.0,DOWNGRADED_STAYER,0,1,1,49951.0,0.6,57.915,142.8,200.715,HOST_RECOVERY,1.0,200.715
A7454,1,Elite,1188,Makati_BGC,48.6,51 - 60,1,1,0,1,5.24,0.0,0.163,2.457,31745,0,525,15348,262,0,3140,72,6,7,1,1,3,2,32,0,4,14,216732,0,29073,92533,1772,0,7259,101,0,8,10,2,2,4,2,35.902,0.0,5.813,14.149,238988,0,40372,96385,1994,0,6545,105,2,31741,248,1,5,7.080867896690782,30961.714285714286,4.571428571428571,1.1666666666666667,0.5,0.4269466437812598,0.134142627761475,0.0,-1,0.0,DOWNGRADED_STAYER,0,0,0,31745.0,0.6,57.915,142.56,200.475,HOST_RECOVERY,1.0,200.475
A50296,1,Premium,1185,Makati_BGC,45.0,41 - 50,1,1,1,0,2.604,0.0,2.604,0.0,7407,0,7407,0,1988,0,1988,0,4,4,3,0,0,1,18,0,9,0,130596,1622,59749,777,4056,3076,3822,101,0,21,40,24,6,5,5,78.83,6.645,33.006,2.01,718176,17060,364967,9956,5233,1468,6537,75,1,7407,1983,1,2,7.078341579557671,32649.0,4.5,1.0,0.3333333333333333,0.0059496462372507,0.4575101840791448,0.0124199822352905,-1,0.0,DOWNGRADED_STAYER,0,1,1,7407.0,0.6,57.915,142.20000000000002,200.115,HOST_RECOVERY,1.0,200.115
A7229,1,Maharlika,1184,Makati_BGC,50.4,51 - 60,1,1,1,0,0.686,0.0,0.686,0.0,2581,0,2581,0,3426,0,3426,0,3,3,0,1,2,0,8,0,3,1,33330,0,11737,6269,2303,0,3393,100,0,10,10,1,4,4,1,17.454,2.982,8.291,2.506,70013,5074,35954,13661,2847,2103,4226,120,6,2581,3426,1,0,7.077498053569231,11110.0,2.6666666666666665,1.0,0.25,0.188088808880888,0.3521452145214521,0.0,-1,0.0,DOWNGRADED_STAYER,0,1,1,2581.0,0.6,57.915,142.08,199.995,HOST_RECOVERY,1.0,199.995
A8833,3,Maharlika,1184,Makati_BGC,75.6,41 - 50,3,4,4,0,4.153,0.348,1.794,0.151,60711,7086,23678,2799,13730,32805,10952,399,25,30,29,0,0,1,23,3,8,1,281270,19498,103416,29568,10217,10357,10444,409,0,55,72,71,0,0,1,91.663,4.113,46.1,6.458,1585022,25414,758627,168388,12702,8482,14541,574,9,20237,4564,1,1,7.077498053569231,9375.666666666666,0.7666666666666667,1.2,2.083333333333333,0.105123191239734,0.3676751875422192,0.069321292708074,-1,0.0,DOWNGRADED_STAYER,0,1,1,15177.75,0.6,57.915,142.08,199.995,HOST_RECOVERY,1.0,199.995
A30742,1,Premium,1182,Makati_BGC,41.4,31 - 40,1,1,1,0,0.32,0.0,0.0,0.32,6535,0,0,6535,184,0,0,184,5,5,2,1,2,0,22,3,0,5,212787,5641,5278,67039,1335,1869,22097,164,0,12,13,6,1,5,1,27.51,4.658,1.067,6.437,243106,9185,8792,81386,1424,1613,8247,159,5,6532,175,1,0,7.075808863978387,42557.4,4.4,1.0,0.4166666666666667,0.3150521413432212,0.0248041468698745,0.0265100781532706,-1,0.0,DOWNGRADED_STAYER,0,1,1,6535.0,0.6,57.915,141.84,199.755,HOST_RECOVERY,1.0,199.755
A15326,1,Elite,1178,Pasay,96.6,Above 60,1,1,1,0,1.948,1.948,0.0,0.0,17175,17175,0,0,13450,13450,0,0,1,1,1,0,0,0,1,1,0,0,3252,3252,0,0,3281,3281,0,0,0,2,2,2,0,0,0,1.609,1.609,0.0,0.0,7149,7149,0,0,4968,4968,0,0,2,17175,13443,1,1,7.072421900537371,3252.0,1.0,1.0,0.0833333333333333,0.0,0.0,1.0,-1,0.0,DOWNGRADED_STAYER,0,1,1,17175.0,0.6,57.915,141.35999999999999,199.27499999999998,HOST_RECOVERY,1.0,199.27499999999998
A36622,1,Premium,1166,QC,133.8,31 - 40,1,1,1,0,4.768,0.0,0.146,2.238,34001,0,379,16621,256,0,1927,147,1,1,1,0,0,0,4,0,0,2,32951,0,277,16198,287,0,1350,187,0,20,40,31,5,3,1,144.717,0.0,38.092,45.35,917881,0,123026,441037,1606,0,2974,266,17,34001,248,1,4,7.062191632286556,32951.0,4.0,1.0,0.0833333333333333,0.4915784042972899,0.0084064216563988,0.0,-1,0.0,DOWNGRADED_STAYER,0,1,1,34001.0,0.6,57.915,139.92000000000002,197.835,HOST_RECOVERY,1.0,197.835
A27309,2,Elite,1154,Pasay,195.6,51 - 60,1,2,1,1,28.965,4.226,12.22,0.0,54291,5903,27760,0,1314,325,1913,0,2,3,0,0,1,2,31,14,2,0,42686,17553,4243,0,573,330,2317,0,0,4,5,1,0,1,3,38.183,16.93,2.681,0.0,56867,23082,6211,0,640,350,2429,0,4,54281,1312,2,28,7.051855622955894,14228.666666666666,10.333333333333334,1.5,0.1666666666666666,0.0,0.0994002717518624,0.4112121070140093,-1,0.0,DOWNGRADED_STAYER,0,1,1,27145.5,0.6,57.915,138.48,196.39499999999998,HOST_RECOVERY,1.0,196.39499999999998
A52747,2,Elite,1152,Manila,0.0,31 - 40,1,4,1,3,22.034,0.0,22.034,0.0,67170,0,67170,0,1773,0,1773,0,1,3,1,0,1,1,22,6,16,0,77575,12898,64677,0,1964,1737,2055,0,0,5,16,3,3,5,5,112.454,6.337,87.64,0.168,147140,12898,120227,75,692,1737,685,27,2,67170,1764,4,22,7.050122520269059,25858.33333333333,7.333333333333333,3.0,0.0833333333333333,0.0,0.8337350950692878,0.1662649049307122,-1,0.0,DOWNGRADED_STAYER,0,1,1,16792.5,0.6,57.915,138.23999999999998,196.15499999999997,HOST_RECOVERY,1.0,196.15499999999997
A48289,3,Premium,1148,Makati_BGC,57.6,Above 60,3,3,2,1,14.322,0.359,0.0,10.611,66060,814,0,53874,77,547,0,54,41,49,14,21,14,0,196,12,0,167,887361,27274,0,801321,110,547,0,59,0,67,79,16,31,32,0,316.915,12.253,0.0,282.843,1345364,28480,0,1249636,89,540,0,56,2,22016,15,1,4,7.046647277848756,18109.408163265307,4.0,1.195121951219512,3.4166666666666665,0.9030383350181044,0.0,0.0307360814820574,-1,0.0,DOWNGRADED_STAYER,0,1,1,22020.0,0.6,57.915,137.76,195.67499999999998,HOST_RECOVERY,1.0,195.67499999999998
A28512,2,Supreme,1138,Makati_BGC,41.4,51 - 60,2,2,2,0,8.573,0.0,0.0,8.573,28314,0,0,28314,45,0,0,45,61,76,50,18,8,0,323,0,0,323,1287910,0,0,1287910,59,0,0,59,0,119,145,94,33,18,0,662.34,0.0,0.694,619.26,3329834,0,233,3133339,73,0,274,73,4,14157,15,1,4,7.037905963447182,16946.184210526317,4.25,1.2459016393442623,5.083333333333333,1.0,0.0,0.0,-1,0.0,DOWNGRADED_STAYER,0,1,1,14157.0,0.6,57.915,136.56,194.475,HOST_RECOVERY,1.0,194.475
A3700,1,Supreme,1136,Makati_BGC,50.4,Above 60,1,1,0,1,3.226,0.0,3.226,0.0,13151,0,13151,0,3932,0,3932,0,37,41,27,10,4,0,104,1,97,0,725908,2041,686018,0,6714,3699,6775,0,0,105,115,81,18,12,4,340.888,0.914,332.042,0.0,2865325,2131,2810864,0,8079,3470,8135,0,1,13151,3922,1,3,7.036148493750536,17705.073170731706,2.5365853658536586,1.108108108108108,3.083333333333333,0.0,0.945048132821239,0.0028116510632201,-1,0.0,DOWNGRADED_STAYER,0,1,1,13151.0,0.6,57.915,136.32000000000002,194.235,HOST_RECOVERY,1.0,194.235
A49769,4,Premium,1129,Makati_BGC,45.0,31 - 40,4,5,3,2,7.602,0.0,7.602,0.0,52561,0,52561,0,6481,0,6481,0,9,10,7,1,0,2,16,0,16,0,201598,0,201598,0,10665,0,10665,0,0,15,16,11,2,0,3,24.773,1.116,22.829,0.0,265285,2145,260515,0,9243,708,9903,0,2,13137,1618,1,1,7.029972911706386,20159.8,1.6,1.1111111111111112,0.75,0.0,1.0,0.0,-1,0.0,DOWNGRADED_STAYER,0,1,1,10512.2,0.6,57.915,135.48,193.39499999999998,HOST_RECOVERY,1.0,193.39499999999998
A21407,4,Supreme,1126,Makati_BGC,52.8,51 - 60,1,4,2,2,17.149,0.0,0.0,17.149,96228,0,0,96228,79,0,0,79,30,48,2,8,23,15,90,0,0,90,750170,0,0,750170,112,0,0,112,0,55,89,5,11,40,33,188.011,0.0,0.0,188.011,1635132,0,0,1635132,108,0,0,108,2,96228,73,4,17,7.027314514039777,15628.541666666666,1.875,1.6,2.5,1.0,0.0,0.0,-1,0.0,DOWNGRADED_STAYER,0,1,1,24057.0,0.6,57.915,135.12,193.035,HOST_RECOVERY,1.0,193.035
A20784,3,Premium,1125,Makati_BGC,57.6,41 - 50,2,3,0,3,4.768,0.0,0.0,4.768,21520,0,0,21520,80,0,0,80,12,16,6,2,7,1,30,0,3,22,142242,0,3630,119148,272,0,1155,89,0,27,35,10,4,15,6,69.255,0.0,2.53,61.573,398333,0,3630,375239,180,0,1155,103,1,10760,29,1,2,7.026426808699636,8890.125,1.875,1.3333333333333333,1.0,0.8376428902855697,0.0255198886404859,0.0,-1,0.0,DOWNGRADED_STAYER,0,1,1,7173.333333333333,0.6,57.915,135.0,192.915,HOST_RECOVERY,1.0,192.915
A32959,2,Premium,1107,QC,324.6,31 - 40,2,2,1,1,7.761,4.951,1.003,0.0,53724,39627,6269,0,9696,12748,5148,0,36,47,17,15,11,4,238,75,56,5,1331914,286230,430212,9448,5449,4640,6695,52,0,46,65,30,16,14,5,330.1,100.88,79.801,5.195,1719789,327704,599573,9448,4781,3546,6526,52,1,26856,4841,1,3,7.010311867307229,28338.59574468085,5.0638297872340425,1.3055555555555556,3.0,0.0070935510851301,0.323002836519475,0.2149012623938182,-1,0.0,DOWNGRADED_STAYER,0,0,0,26862.0,0.6,57.915,132.84,190.755,HOST_RECOVERY,1.0,190.755
A26197,1,Premium,1105,Makati_BGC,45.0,51 - 60,1,1,1,0,4.28,4.28,0.0,0.0,9114,9114,0,0,1023,1023,0,0,25,29,11,0,1,17,161,161,0,0,476416,476416,0,0,1401,1401,0,0,0,33,41,14,1,5,21,205.851,201.595,0.0,0.862,609978,601350,0,1377,1420,1434,0,81,3,9113,1021,1,4,7.00850518208228,16428.137931034482,5.551724137931035,1.16,2.083333333333333,0.0,0.0,1.0,-1,0.0,DOWNGRADED_STAYER,0,0,0,9114.0,0.6,57.915,132.6,190.515,HOST_RECOVERY,1.0,190.515
A40619,2,Premium,1101,Makati_BGC,57.6,51 - 60,1,2,2,0,9.66,0.0,0.0,9.66,35951,0,0,35951,48,0,0,48,3,3,0,0,2,1,10,0,0,10,29442,0,0,29442,51,0,0,51,0,9,10,4,1,3,2,37.233,0.0,0.0,37.233,101657,0,0,101657,42,0,0,42,2,35940,44,2,9,7.004881989712859,9814.0,3.333333333333333,1.0,0.25,1.0,0.0,0.0,-1,0.0,DOWNGRADED_STAYER,0,1,1,17975.5,0.6,57.915,132.12,190.035,HOST_RECOVERY,1.0,190.035
A24874,1,Prime,1097,Makati_BGC,50.4,41 - 50,1,1,0,1,3.797,0.0,0.0,3.797,37631,0,0,37631,210,0,0,210,19,19,7,7,1,4,43,1,0,42,273159,1782,0,271378,134,437,0,128,0,19,19,7,7,1,4,42.566,0.755,0.0,41.811,273159,1782,0,271378,134,437,0,128,2,37631,204,1,3,7.001245622069476,14376.78947368421,2.263157894736842,1.0,1.5833333333333333,0.9934799878459066,0.0,0.0065236730256004,-1,0.0,DOWNGRADED_STAYER,0,0,0,37631.0,0.6,57.915,131.64,189.55499999999998,HOST_RECOVERY,1.0,189.55499999999998
A25090,2,Premium,1088,Pasay,96.6,41 - 50,1,2,0,2,2.634,0.0,2.634,0.0,10235,0,10235,0,3338,0,3338,0,29,57,6,5,22,24,374,33,203,0,1306751,65772,777435,0,2831,478,3345,0,0,63,122,14,8,49,51,759.469,103.683,350.851,1.613,2392555,193579,1257350,1467,2503,476,3164,57,3,10235,3324,2,2,6.9930151229329605,22925.45614035088,6.56140350877193,1.9655172413793105,2.4166666666666665,0.0,0.5949373675627568,0.0503324657872846,-1,0.0,DOWNGRADED_STAYER,0,1,1,5117.5,0.6,57.915,130.56,188.475,HOST_RECOVERY,1.0,188.475
A7092,3,Prime,1086,QC,262.8,41 - 50,1,3,1,2,14.76,0.0,14.76,0.0,47516,0,47516,0,2643,0,2643,0,2,2,0,0,0,2,8,0,8,0,33374,0,33374,0,4082,0,4082,0,0,5,6,0,1,1,4,42.884,0.0,42.884,0.0,144590,0,144590,0,3354,0,3354,0,1,47516,2639,3,14,6.99117688712121,16687.0,4.0,1.0,0.1666666666666666,0.0,1.0,0.0,-1,0.0,DOWNGRADED_STAYER,0,1,1,15838.666666666666,0.6,57.915,130.32000000000002,188.235,HOST_RECOVERY,1.0,188.235
A26199,2,Supreme,1083,Makati_BGC,48.6,41 - 50,2,2,0,2,3.514,0.0,0.522,1.423,14463,0,365,6998,164,0,612,59,10,12,4,1,3,4,29,0,1,23,158431,0,1210,136196,143,0,941,72,0,26,30,9,4,10,7,81.682,0.334,6.439,52.98,395387,453,6022,304130,172,437,896,67,2,7232,73,1,1,6.988413181999592,13202.583333333334,2.4166666666666665,1.2,0.8333333333333334,0.8596549917629757,0.0076373941968427,0.0,-1,0.0,DOWNGRADED_STAYER,0,1,1,7231.5,0.6,57.915,129.96,187.875,HOST_RECOVERY,1.0,187.875
A12442,3,Elite,1082,Pasay,195.6,41 - 50,1,3,3,0,8.659,2.643,2.122,0.0,84654,6008,41305,0,8591,859,18538,0,1,2,2,0,0,0,4,1,0,1,14249,2459,73,4593,1092,1423,593,944,0,7,12,11,1,0,0,16.641,13.307,0.137,1.167,57402,45612,73,4593,1104,1125,593,944,1,84651,8588,3,8,6.987490247000991,7124.5,2.0,2.0,0.0833333333333333,0.3223384097129623,0.0051231665380026,0.1725735139308021,-1,0.0,DOWNGRADED_STAYER,0,1,1,28218.0,0.6,57.915,129.84,187.755,HOST_RECOVERY,1.0,187.755
A40994,1,Elite,1080,Manila,0.0,51 - 60,1,1,0,1,4.08,0.0,0.0,4.08,13297,0,0,13297,63,0,0,63,5,11,5,2,1,3,70,0,0,70,175077,0,0,175077,49,0,0,49,0,7,16,7,3,2,4,103.16,0.0,0.0,103.16,240626,0,0,240626,44,0,0,44,4,13297,58,1,4,6.985641817639208,15916.09090909091,6.363636363636363,2.2,0.4166666666666667,1.0,0.0,0.0,-1,0.0,DOWNGRADED_STAYER,0,1,1,13297.0,0.6,57.915,129.6,187.515,HOST_RECOVERY,1.0,187.515
A7013,3,Premium,1080,Manila,0.0,51 - 60,1,3,0,3,40.704,16.71,0.0,3.642,265096,111222,0,21326,7525,9138,0,124,2,7,1,2,2,2,36,8,0,13,144171,21931,0,57011,226,500,0,51,0,5,15,5,3,3,4,69.609,14.52,0.0,25.903,196245,35357,0,75412,200,483,0,40,3,265094,7523,3,40,6.985641817639208,20595.85714285714,5.142857142857143,3.5,0.1666666666666666,0.3954401370594641,0.0,0.1521179710205242,-1,0.0,DOWNGRADED_STAYER,0,1,1,88365.33333333333,0.6,57.915,129.6,187.515,HOST_RECOVERY,1.0,187.515
A3580,1,Premium,1076,Makati_BGC,75.6,51 - 60,1,1,0,1,1.417,0.0,1.417,0.0,8092,0,8092,0,4465,0,4465,0,9,9,5,0,3,1,18,0,13,1,159714,0,136148,3648,6063,0,7485,40,0,21,21,11,0,8,2,46.741,0.058,37.11,1.461,412062,222,357225,3745,6839,547,7573,41,1,8092,4461,1,1,6.981934677156389,17746.0,2.0,1.0,0.75,0.0228408279800142,0.8524487521444583,0.0,-1,0.0,DOWNGRADED_STAYER,0,1,1,8092.0,0.6,57.915,129.12,187.035,HOST_RECOVERY,1.0,187.035
A3545,1,Supreme,1074,Makati_BGC,46.2,Above 60,2,2,1,1,3.34,0.0,3.34,0.0,11095,0,11095,0,3152,0,3152,0,34,40,20,9,7,4,106,16,64,0,413655,27473,280694,0,3541,1939,3899,0,0,76,97,57,17,14,9,436.906,39.03,269.8,0.0,1775469,59104,1220915,0,3639,1458,4041,0,6,5540,1575,1,1,6.980075940561763,10341.375,2.65,1.1764705882352942,2.833333333333333,0.0,0.6785703061730186,0.0664152494228282,-1,0.0,DOWNGRADED_STAYER,0,1,1,5547.5,0.6,57.915,128.88,186.795,HOST_RECOVERY,1.0,186.795
A36960,11,Premium,1070,Pasay,154.8,31 - 40,5,11,6,5,22.596,0.0,2.769,10.939,237873,0,17015,127240,1757,0,6744,217,17,25,11,5,3,6,62,0,6,32,700231,0,134603,264057,4110,0,22238,163,0,36,61,27,9,11,14,135.636,0.0,13.577,69.204,1352138,0,248268,538446,3480,0,16914,142,6,47575,350,2,4,6.976348070447749,28009.24,2.48,1.4705882352941178,1.4166666666666667,0.3770998427661728,0.1922265652334729,0.0,-1,0.0,DOWNGRADED_STAYER,0,1,1,21624.81818181818,0.6,57.915,128.4,186.315,HOST_RECOVERY,1.0,186.315
A2013,2,Supreme,1067,Makati_BGC,48.6,Above 60,2,2,2,0,4.194,4.194,0.0,0.0,59040,59040,0,0,9517,9517,0,0,3,3,2,1,0,0,2,2,0,0,4393,4393,0,0,2105,2105,0,0,0,23,25,19,6,0,0,28.192,28.192,0.0,0.0,78996,78996,0,0,2467,2467,0,0,5,29510,4753,1,2,6.97354301952014,1464.3333333333333,0.6666666666666666,1.0,0.25,0.0,0.0,1.0,-1,0.0,DOWNGRADED_STAYER,0,1,1,29520.0,0.6,57.915,128.04,185.95499999999998,HOST_RECOVERY,1.0,185.95499999999998
A6849,1,Supreme,1066,Makati_BGC,45.0,Above 60,1,1,0,1,0.61,0.61,0.0,0.0,3660,3660,0,0,9661,9661,0,0,29,40,9,5,15,11,79,63,2,1,302772,238197,18356,539,6337,6554,7551,19,0,74,102,27,16,30,29,216.507,185.402,2.738,3.641,802777,687152,21783,5468,6953,7229,6983,38,4,3660,9652,1,0,6.9726062513017535,7569.3,1.975,1.3793103448275863,2.4166666666666665,0.0017802174573606,0.0606264780098556,0.7867207007252982,-1,0.0,DOWNGRADED_STAYER,0,1,1,3660.0,0.6,57.915,127.92000000000002,185.835,HOST_RECOVERY,1.0,185.835
A19721,1,Premium,1066,Makati_BGC,57.6,41 - 50,1,1,0,1,1.623,0.0,1.623,0.0,6853,0,6853,0,4417,0,4417,0,11,14,2,1,3,8,52,0,40,0,245757,115,188636,175,4883,1094,4899,32,0,34,41,10,2,8,21,109.284,0.073,97.232,0.129,542110,115,484989,175,4921,1094,4932,32,3,6853,4403,1,1,6.9726062513017535,17554.071428571428,3.7142857142857135,1.2727272727272727,0.9166666666666666,0.0007120855153668,0.7675712187241869,0.0004679419100981,-1,0.0,DOWNGRADED_STAYER,0,1,1,6853.0,0.6,57.915,127.92000000000002,185.835,HOST_RECOVERY,1.0,185.835
A51900,3,Supreme,1063,Others,0.0,41 - 50,3,3,1,2,11.851,0.0,0.0,11.851,134627,0,0,134627,128,0,0,128,36,59,35,8,9,7,105,0,0,105,804504,0,0,804504,130,0,0,130,0,77,116,68,21,12,15,212.591,0.19,2.011,210.39,1844662,1453,13822,1829387,171,6561,3353,135,1,44863,29,1,3,6.96979066990159,13635.661016949152,1.7796610169491525,1.6388888888888888,3.0,1.0,0.0,0.0,-1,0.0,DOWNGRADED_STAYER,0,1,1,44875.666666666664,0.6,57.915,127.56,185.475,HOST_RECOVERY,1.0,185.475
A15559,2,Premium,1062,Pasay,154.8,Above 60,1,2,0,2,0.843,0.0,0.111,0.421,3412,0,1210,729,2970,0,11168,51,11,17,16,0,0,1,23,0,13,4,408196,0,275795,9535,15403,0,19474,38,0,19,28,23,2,0,3,37.405,0.391,13.514,12.489,428599,377,276101,23341,9571,1094,18729,29,1,3412,2960,2,0,6.968850378341948,24011.529411764703,1.3529411764705883,1.5454545454545454,0.9166666666666666,0.0233588766180952,0.6756435633862165,0.0,-1,0.0,DOWNGRADED_STAYER,0,1,1,1706.0,0.6,57.915,127.44,185.355,HOST_RECOVERY,1.0,185.355
A46206,2,Premium,1061,Pasay,154.8,21 - 30,2,2,1,1,4.011,0.0,4.011,0.0,42967,0,42967,0,6917,0,6917,0,5,6,0,1,2,3,12,0,12,0,63860,0,63860,0,4502,0,4502,0,0,23,32,3,3,8,18,59.561,0.841,50.791,0.315,210928,1888,185064,539,2385,1553,2467,85,2,21476,3455,1,2,6.967909201801884,10643.333333333334,2.0,1.2,0.4166666666666667,0.0,1.0,0.0,-1,0.0,DOWNGRADED_STAYER,0,1,1,21483.5,0.6,57.915,127.32000000000001,185.235,HOST_RECOVERY,1.0,185.235
A1199,2,Premium,1059,Makati_BGC,48.6,Above 60,2,2,2,0,5.612,0.0,0.0,5.612,22552,0,0,22552,87,0,0,87,17,18,18,0,0,0,38,0,1,33,148877,0,2406,130596,195,0,2704,91,0,47,49,47,1,0,1,122.883,0.0,2.906,99.558,511613,0,10089,419732,243,0,3097,101,3,11270,29,1,2,6.966024187106113,8270.944444444445,2.111111111111111,1.0588235294117647,1.4166666666666667,0.877207359095092,0.0161609919598057,0.0,-1,0.0,DOWNGRADED_STAYER,0,1,1,11276.0,0.6,57.915,127.08,184.995,HOST_RECOVERY,1.0,184.995
A19921,4,Maharlika,1054,Makati_BGC,46.2,41 - 50,2,4,2,2,24.844,16.851,1.554,0.0,73159,26858,20820,0,2979,1816,12247,0,13,28,18,3,3,4,253,111,21,0,955295,248159,240745,175,3955,2589,10861,160,0,19,37,24,3,4,6,352.766,146.978,34.432,0.047,1483652,344856,408225,175,4336,2695,11104,160,4,36567,1487,2,12,6.961296045910167,34117.67857142857,9.035714285714286,2.1538461538461537,1.0833333333333333,0.0001831894859703,0.2520111588566882,0.2597721122794529,-1,0.0,DOWNGRADED_STAYER,0,0,0,18289.75,0.6,57.915,126.48,184.395,HOST_RECOVERY,1.0,184.395
A4546,3,Premium,1053,Makati_BGC,52.2,51 - 60,1,3,1,2,27.378,0.0,8.822,4.867,78411,0,29131,10075,1899,0,2928,33,2,4,1,1,2,0,21,0,5,5,76224,0,12480,25632,1195,0,2297,46,0,7,14,5,3,5,1,65.719,0.0,33.206,7.189,198784,0,90250,30640,1997,0,2605,44,6,78411,1895,3,27,6.960347729101308,19056.0,5.25,2.0,0.1666666666666666,0.336272040302267,0.163727959697733,0.0,-1,0.0,DOWNGRADED_STAYER,0,1,1,26137.0,0.6,57.915,126.36,184.275,HOST_RECOVERY,1.0,184.275
A7266,13,Supreme,1044,Makati_BGC,45.0,51 - 60,7,13,9,4,90.79,0.309,11.25,33.003,535276,423,63496,202779,1451,2187,5104,130,71,98,49,18,18,13,677,18,96,176,3176267,46344,420531,905746,1522,2667,3850,108,0,103,139,72,24,24,19,977.955,37.846,123.746,238.37,4493860,95606,519894,1241767,1474,2693,3729,107,3,76458,204,1,12,6.951772164398911,32410.88775510204,6.908163265306122,1.380281690140845,5.916666666666667,0.2851605359373125,0.1323978746119265,0.0145907129343975,-1,0.0,DOWNGRADED_STAYER,0,0,0,41175.07692307692,0.6,57.915,125.28,183.195,HOST_RECOVERY,1.0,183.195
A367,1,Supreme,1040,Makati_BGC,57.6,51 - 60,1,1,0,1,1.798,0.0,0.0,1.798,8550,0,0,8550,89,0,0,89,22,33,20,7,4,2,86,1,0,71,576182,2067,0,462323,151,1727,0,91,0,45,58,39,12,5,2,134.3,20.216,0.152,88.414,699495,30169,277,530280,457,1829,1915,86,2,8544,87,1,1,6.947937068614969,17460.060606060608,2.606060606060606,1.5,1.8333333333333333,0.8023905640925958,0.0,0.0035874081453429,-1,0.0,DOWNGRADED_STAYER,0,1,1,8550.0,0.6,57.915,124.80000000000001,182.715,HOST_RECOVERY,1.0,182.715
A42778,1,Elite,1039,Makati_BGC,46.2,31 - 40,1,1,1,0,2.646,0.0,0.0,2.646,10669,0,0,10669,80,0,0,80,13,13,5,8,0,0,67,0,0,50,269274,0,919,190101,120,0,2140,87,0,20,22,12,8,1,1,85.245,0.0,1.869,60.305,343838,0,4228,231081,186,0,2334,87,2,10658,73,1,2,6.946975992135418,20713.384615384617,5.153846153846154,1.0,1.0833333333333333,0.7059760689854944,0.0034128805603214,0.0,-1,0.0,DOWNGRADED_STAYER,0,1,1,10669.0,0.6,57.915,124.68,182.595,HOST_RECOVERY,1.0,182.595
A16839,5,Premium,1038,Makati_BGC,57.6,41 - 50,4,5,2,3,11.056,0.0,11.056,0.0,68686,0,68686,0,5078,0,5078,0,44,60,48,11,1,0,169,0,151,0,1006807,0,901540,0,5010,0,5030,18,0,80,105,80,19,6,0,279.579,0.0,261.483,0.116,1715862,0,1610594,0,5152,0,5174,18,1,17161,1268,1,2,6.946013991099227,16780.116666666665,2.816666666666667,1.3636363636363635,3.6666666666666665,0.0,0.895444707873505,0.0,-1,0.0,DOWNGRADED_STAYER,0,1,1,13737.2,0.6,57.915,124.56,182.475,HOST_RECOVERY,1.0,182.475
